POD Key,Week_End_date,Average CPU Utilization (%),Min CPU Utilization (%),Max CPU Utilization (%),90th Percentile CPU Utilization (%),Average Memory Utilization (%),Min Memory Utilization (%),Max Memory Utilization (%),90th Percentile Memory Utilization (%),Average All Network Interfaces Total I/O Rate (MB/sec),Min All Network Interfaces Total I/O Rate (MB/sec),Max All Network Interfaces Total I/O Rate (MB/sec),90th Percentile All Network Interfaces Total I/O Rate (MB/sec), Max All Network Interfaces Combined Utilization (%),Average Total Disk I/O made across all disks (per second),Min Total Disk I/O made across all disks (per second),Max Total Disk I/O made across all disks (per second),90th Percentile Total Disk I/O made across all disks (per second),Max Disk I/O (per sec) made by a single disk,Max Total Disk Utilized (%) (across all local filesystems)
BIUS2101-POD1,16-Aug-16,9.07342,8.856,9.248,9.218,60.542,60.256,60.992,60.852,0.004,0.003,0.007,0.007,0.00,8.241,8.241,8.241,8.241,1.523,10.784
BIUS2094-POD1,16-Aug-16,30.7876,29.218,42.06,31.079,80.1685,75.607,82.635,81.79,0.024,0.003,0.043,0.043,0.00,25.611,25.611,25.611,25.611,9.652,31.833
BIUS2041-POD1,16-Aug-16,14.5106,14.407,14.634,14.615,63.5865,63.491,63.719,63.674,0.01275,0.01,0.02,0.02,0.00,25.611,25.611,25.611,25.611,9.652,11.172
BIUS2074-POD1,16-Aug-16,2.97654,1.733,12.956,5.683,53.6631,52.974,55.651,55.303,0.102208,0.003,1.323,0.358,0.00,11.617,11.617,11.617,11.617,3.311,9.947
BIUS2070-POD1,16-Aug-16,9.64133,3.765,22.269,16.233,59.2179,57.976,60.868,59.924,0.520875,0.326,1.842,0.898,0.00,11.962,11.962,11.962,11.962,3.755,10.689
BIUS2087-POD1,16-Aug-16,2.81325,1.913,8.091,3.785,46.6951,46.444,47.481,46.999,0.01925,0.013,0.037,0.037,0.00,11.802,11.802,11.802,11.802,3.714,9.847
BIUS2107-POD1,16-Aug-16,5.2265,4.659,5.948,5.915,67.8914,67.755,68.331,68.22,0.00325,0.003,0.004,0.004,0.00,7.688,7.688,7.688,7.688,1.335,10.115
BIUS2099-POD1,16-Aug-16,5.61233,4.408,15.883,10.729,68.3957,67.723,70.176,69.066,0.0225,0.01,0.054,0.054,0.00,11.46,11.46,11.46,11.46,3.437,27.28
