us2z14-bi-bius2107-pod1.bicloud.z14.usdc2.oraclecloud.com,host,Max Disk I/O (per sec) made by a single disk,16/08/2016 21:00:00,1.335,1.335,1.335
us2z14-bi-bius2107-pod1.bicloud.z14.usdc2.oraclecloud.com,host,Total Disk I/O made across all disks (per second),16/08/2016 21:00:00,7.688,7.688,7.688
us2z14-bi-bius2107-pod1.bicloud.z14.usdc2.oraclecloud.com,host,Memory Utilization (%),16/08/2016 00:00:00,67.8,67.807,67.804
us2z14-bi-bius2107-pod1.bicloud.z14.usdc2.oraclecloud.com,host,Memory Utilization (%),16/08/2016 01:00:00,67.819,67.822,67.821
us2z14-bi-bius2107-pod1.bicloud.z14.usdc2.oraclecloud.com,host,Memory Utilization (%),16/08/2016 02:00:00,67.809,67.815,67.812
us2z14-bi-bius2107-pod1.bicloud.z14.usdc2.oraclecloud.com,host,Memory Utilization (%),16/08/2016 03:00:00,67.828,68.244,68.036
us2z14-bi-bius2107-pod1.bicloud.z14.usdc2.oraclecloud.com,host,Memory Utilization (%),16/08/2016 04:00:00,67.838,67.844,67.841
us2z14-bi-bius2107-pod1.bicloud.z14.usdc2.oraclecloud.com,host,Memory Utilization (%),16/08/2016 05:00:00,67.786,67.855,67.821
us2z14-bi-bius2107-pod1.bicloud.z14.usdc2.oraclecloud.com,host,Memory Utilization (%),16/08/2016 06:00:00,67.765,68.22,67.993
us2z14-bi-bius2107-pod1.bicloud.z14.usdc2.oraclecloud.com,host,Memory Utilization (%),16/08/2016 07:00:00,67.755,67.76,67.758
us2z14-bi-bius2107-pod1.bicloud.z14.usdc2.oraclecloud.com,host,Memory Utilization (%),16/08/2016 08:00:00,67.77,67.775,67.773
us2z14-bi-bius2107-pod1.bicloud.z14.usdc2.oraclecloud.com,host,Memory Utilization (%),16/08/2016 09:00:00,67.782,67.782,67.782
us2z14-bi-bius2107-pod1.bicloud.z14.usdc2.oraclecloud.com,host,Memory Utilization (%),16/08/2016 10:00:00,67.789,67.798,67.794
us2z14-bi-bius2107-pod1.bicloud.z14.usdc2.oraclecloud.com,host,Memory Utilization (%),16/08/2016 11:00:00,67.79,67.792,67.791
us2z14-bi-bius2107-pod1.bicloud.z14.usdc2.oraclecloud.com,host,Memory Utilization (%),16/08/2016 12:00:00,67.786,67.929,67.858
us2z14-bi-bius2107-pod1.bicloud.z14.usdc2.oraclecloud.com,host,Memory Utilization (%),16/08/2016 13:00:00,67.796,67.803,67.8
us2z14-bi-bius2107-pod1.bicloud.z14.usdc2.oraclecloud.com,host,Memory Utilization (%),16/08/2016 14:00:00,67.812,67.887,67.85
us2z14-bi-bius2107-pod1.bicloud.z14.usdc2.oraclecloud.com,host,Memory Utilization (%),16/08/2016 15:00:00,67.868,68.331,68.1
us2z14-bi-bius2107-pod1.bicloud.z14.usdc2.oraclecloud.com,host,Memory Utilization (%),16/08/2016 16:00:00,68.028,68.036,68.032
us2z14-bi-bius2107-pod1.bicloud.z14.usdc2.oraclecloud.com,host,Memory Utilization (%),16/08/2016 17:00:00,67.966,67.974,67.97
us2z14-bi-bius2107-pod1.bicloud.z14.usdc2.oraclecloud.com,host,Memory Utilization (%),16/08/2016 18:00:00,67.907,67.976,67.942
us2z14-bi-bius2107-pod1.bicloud.z14.usdc2.oraclecloud.com,host,Memory Utilization (%),16/08/2016 19:00:00,67.966,67.979,67.973
us2z14-bi-bius2107-pod1.bicloud.z14.usdc2.oraclecloud.com,host,Memory Utilization (%),16/08/2016 20:00:00,67.931,67.934,67.933
us2z14-bi-bius2107-pod1.bicloud.z14.usdc2.oraclecloud.com,host,Memory Utilization (%),16/08/2016 21:00:00,67.936,67.942,67.939
us2z14-bi-bius2107-pod1.bicloud.z14.usdc2.oraclecloud.com,host,Memory Utilization (%),16/08/2016 22:00:00,67.949,68.09,68.02
us2z14-bi-bius2107-pod1.bicloud.z14.usdc2.oraclecloud.com,host,Memory Utilization (%),16/08/2016 23:00:00,67.945,67.957,67.951
us2z14-bi-bius2107-pod1.bicloud.z14.usdc2.oraclecloud.com,host,CPU Utilization (%),16/08/2016 00:00:00,4.767,4.796,4.782
us2z14-bi-bius2107-pod1.bicloud.z14.usdc2.oraclecloud.com,host,CPU Utilization (%),16/08/2016 01:00:00,4.758,5.391,5.075
us2z14-bi-bius2107-pod1.bicloud.z14.usdc2.oraclecloud.com,host,CPU Utilization (%),16/08/2016 02:00:00,5.759,5.799,5.779
us2z14-bi-bius2107-pod1.bicloud.z14.usdc2.oraclecloud.com,host,CPU Utilization (%),16/08/2016 03:00:00,4.719,5.524,5.122
us2z14-bi-bius2107-pod1.bicloud.z14.usdc2.oraclecloud.com,host,CPU Utilization (%),16/08/2016 04:00:00,4.746,4.85,4.798
us2z14-bi-bius2107-pod1.bicloud.z14.usdc2.oraclecloud.com,host,CPU Utilization (%),16/08/2016 05:00:00,5.64,5.828,5.734
us2z14-bi-bius2107-pod1.bicloud.z14.usdc2.oraclecloud.com,host,CPU Utilization (%),16/08/2016 06:00:00,4.659,5.557,5.108
us2z14-bi-bius2107-pod1.bicloud.z14.usdc2.oraclecloud.com,host,CPU Utilization (%),16/08/2016 07:00:00,4.749,4.839,4.794
us2z14-bi-bius2107-pod1.bicloud.z14.usdc2.oraclecloud.com,host,CPU Utilization (%),16/08/2016 08:00:00,5.763,5.856,5.81
us2z14-bi-bius2107-pod1.bicloud.z14.usdc2.oraclecloud.com,host,CPU Utilization (%),16/08/2016 09:00:00,4.871,5.915,5.393
us2z14-bi-bius2107-pod1.bicloud.z14.usdc2.oraclecloud.com,host,CPU Utilization (%),16/08/2016 10:00:00,4.662,4.757,4.71
us2z14-bi-bius2107-pod1.bicloud.z14.usdc2.oraclecloud.com,host,CPU Utilization (%),16/08/2016 11:00:00,5.084,5.844,5.464
us2z14-bi-bius2107-pod1.bicloud.z14.usdc2.oraclecloud.com,host,CPU Utilization (%),16/08/2016 12:00:00,5.022,5.908,5.465
us2z14-bi-bius2107-pod1.bicloud.z14.usdc2.oraclecloud.com,host,CPU Utilization (%),16/08/2016 13:00:00,4.709,4.839,4.774
us2z14-bi-bius2107-pod1.bicloud.z14.usdc2.oraclecloud.com,host,CPU Utilization (%),16/08/2016 14:00:00,4.867,5.948,5.408
us2z14-bi-bius2107-pod1.bicloud.z14.usdc2.oraclecloud.com,host,CPU Utilization (%),16/08/2016 15:00:00,5.473,5.827,5.65
us2z14-bi-bius2107-pod1.bicloud.z14.usdc2.oraclecloud.com,host,CPU Utilization (%),16/08/2016 16:00:00,4.664,4.865,4.765
us2z14-bi-bius2107-pod1.bicloud.z14.usdc2.oraclecloud.com,host,CPU Utilization (%),16/08/2016 17:00:00,4.794,5.697,5.246
us2z14-bi-bius2107-pod1.bicloud.z14.usdc2.oraclecloud.com,host,CPU Utilization (%),16/08/2016 18:00:00,5.796,5.93,5.863
us2z14-bi-bius2107-pod1.bicloud.z14.usdc2.oraclecloud.com,host,CPU Utilization (%),16/08/2016 19:00:00,4.873,4.916,4.895
us2z14-bi-bius2107-pod1.bicloud.z14.usdc2.oraclecloud.com,host,CPU Utilization (%),16/08/2016 20:00:00,4.809,5.575,5.192
us2z14-bi-bius2107-pod1.bicloud.z14.usdc2.oraclecloud.com,host,CPU Utilization (%),16/08/2016 21:00:00,5.802,5.888,5.845
us2z14-bi-bius2107-pod1.bicloud.z14.usdc2.oraclecloud.com,host,CPU Utilization (%),16/08/2016 22:00:00,4.664,4.847,4.756
us2z14-bi-bius2107-pod1.bicloud.z14.usdc2.oraclecloud.com,host,CPU Utilization (%),16/08/2016 23:00:00,4.824,5.191,5.008
us2z14-bi-bius2107-pod1.bicloud.z14.usdc2.oraclecloud.com,host,All Network Interfaces Combined Utilization (%),16/08/2016 01:00:00,0,0,0
us2z14-bi-bius2107-pod1.bicloud.z14.usdc2.oraclecloud.com,host,All Network Interfaces Combined Utilization (%),16/08/2016 07:00:00,0,0,0
us2z14-bi-bius2107-pod1.bicloud.z14.usdc2.oraclecloud.com,host,All Network Interfaces Combined Utilization (%),16/08/2016 13:00:00,0,0,0
us2z14-bi-bius2107-pod1.bicloud.z14.usdc2.oraclecloud.com,host,All Network Interfaces Combined Utilization (%),16/08/2016 19:00:00,0,0,0
us2z14-bi-bius2107-pod1.bicloud.z14.usdc2.oraclecloud.com,host,All Network Interfaces Total I/O Rate (MB/sec),16/08/2016 01:00:00,0.003,0.003,0.003
us2z14-bi-bius2107-pod1.bicloud.z14.usdc2.oraclecloud.com,host,All Network Interfaces Total I/O Rate (MB/sec),16/08/2016 07:00:00,0.003,0.003,0.003
us2z14-bi-bius2107-pod1.bicloud.z14.usdc2.oraclecloud.com,host,All Network Interfaces Total I/O Rate (MB/sec),16/08/2016 13:00:00,0.004,0.004,0.004
us2z14-bi-bius2107-pod1.bicloud.z14.usdc2.oraclecloud.com,host,All Network Interfaces Total I/O Rate (MB/sec),16/08/2016 19:00:00,0.003,0.003,0.003
us2z14-bi-bius2107-pod1.bicloud.z14.usdc2.oraclecloud.com,host,Total Disk Utilized (%) (across all local filesystems),16/08/2016 00:00:00,10.045,10.046,10.045
us2z14-bi-bius2107-pod1.bicloud.z14.usdc2.oraclecloud.com,host,Total Disk Utilized (%) (across all local filesystems),16/08/2016 01:00:00,10.046,10.047,10.046
us2z14-bi-bius2107-pod1.bicloud.z14.usdc2.oraclecloud.com,host,Total Disk Utilized (%) (across all local filesystems),16/08/2016 02:00:00,10.046,10.047,10.047
us2z14-bi-bius2107-pod1.bicloud.z14.usdc2.oraclecloud.com,host,Total Disk Utilized (%) (across all local filesystems),16/08/2016 03:00:00,10.047,10.049,10.048
us2z14-bi-bius2107-pod1.bicloud.z14.usdc2.oraclecloud.com,host,Total Disk Utilized (%) (across all local filesystems),16/08/2016 04:00:00,10.047,10.049,10.048
us2z14-bi-bius2107-pod1.bicloud.z14.usdc2.oraclecloud.com,host,Total Disk Utilized (%) (across all local filesystems),16/08/2016 05:00:00,10.045,10.05,10.048
us2z14-bi-bius2107-pod1.bicloud.z14.usdc2.oraclecloud.com,host,Total Disk Utilized (%) (across all local filesystems),16/08/2016 06:00:00,10.045,10.046,10.046
us2z14-bi-bius2107-pod1.bicloud.z14.usdc2.oraclecloud.com,host,Total Disk Utilized (%) (across all local filesystems),16/08/2016 07:00:00,10.043,10.044,10.044
us2z14-bi-bius2107-pod1.bicloud.z14.usdc2.oraclecloud.com,host,Total Disk Utilized (%) (across all local filesystems),16/08/2016 08:00:00,10.045,10.046,10.045
us2z14-bi-bius2107-pod1.bicloud.z14.usdc2.oraclecloud.com,host,Total Disk Utilized (%) (across all local filesystems),16/08/2016 09:00:00,10.045,10.047,10.046
us2z14-bi-bius2107-pod1.bicloud.z14.usdc2.oraclecloud.com,host,Total Disk Utilized (%) (across all local filesystems),16/08/2016 10:00:00,10.047,10.048,10.047
us2z14-bi-bius2107-pod1.bicloud.z14.usdc2.oraclecloud.com,host,Total Disk Utilized (%) (across all local filesystems),16/08/2016 11:00:00,10.046,10.048,10.047
us2z14-bi-bius2107-pod1.bicloud.z14.usdc2.oraclecloud.com,host,Total Disk Utilized (%) (across all local filesystems),16/08/2016 12:00:00,10.047,10.048,10.048
us2z14-bi-bius2107-pod1.bicloud.z14.usdc2.oraclecloud.com,host,Total Disk Utilized (%) (across all local filesystems),16/08/2016 13:00:00,10.047,10.049,10.048
us2z14-bi-bius2107-pod1.bicloud.z14.usdc2.oraclecloud.com,host,Total Disk Utilized (%) (across all local filesystems),16/08/2016 14:00:00,10.048,10.049,10.049
us2z14-bi-bius2107-pod1.bicloud.z14.usdc2.oraclecloud.com,host,Total Disk Utilized (%) (across all local filesystems),16/08/2016 15:00:00,10.05,10.051,10.05
us2z14-bi-bius2107-pod1.bicloud.z14.usdc2.oraclecloud.com,host,Total Disk Utilized (%) (across all local filesystems),16/08/2016 16:00:00,10.114,10.115,10.115
us2z14-bi-bius2107-pod1.bicloud.z14.usdc2.oraclecloud.com,host,Total Disk Utilized (%) (across all local filesystems),16/08/2016 17:00:00,10.051,10.053,10.052
us2z14-bi-bius2107-pod1.bicloud.z14.usdc2.oraclecloud.com,host,Total Disk Utilized (%) (across all local filesystems),16/08/2016 18:00:00,10.048,10.053,10.051
us2z14-bi-bius2107-pod1.bicloud.z14.usdc2.oraclecloud.com,host,Total Disk Utilized (%) (across all local filesystems),16/08/2016 19:00:00,10.049,10.051,10.05
us2z14-bi-bius2107-pod1.bicloud.z14.usdc2.oraclecloud.com,host,Total Disk Utilized (%) (across all local filesystems),16/08/2016 20:00:00,10.051,10.052,10.052
us2z14-bi-bius2107-pod1.bicloud.z14.usdc2.oraclecloud.com,host,Total Disk Utilized (%) (across all local filesystems),16/08/2016 21:00:00,10.05,10.052,10.051
us2z14-bi-bius2107-pod1.bicloud.z14.usdc2.oraclecloud.com,host,Total Disk Utilized (%) (across all local filesystems),16/08/2016 22:00:00,10.052,10.053,10.053
us2z14-bi-bius2107-pod1.bicloud.z14.usdc2.oraclecloud.com,host,Total Disk Utilized (%) (across all local filesystems),16/08/2016 23:00:00,10.053,10.054,10.054
us2z14-bi-bius2107-pod1.bicloud.z14.usdc2.oraclecloud.com,host,Total Disk Utilized (%) (across all local filesystems),16/08/2016 23:00:00,10.053,10.054,10.054
