us2z14-bi-bius2094-pod1.bicloud.z14.usdc2.oraclecloud.com,host,Max Disk I/O (per sec) made by a single disk,16/08/2016 21:00:00,9.652,9.652,9.652
us2z14-bi-bius2094-pod1.bicloud.z14.usdc2.oraclecloud.com,host,Total Disk I/O made across all disks (per second),16/08/2016 21:00:00,25.611,25.611,25.611
us2z14-bi-bius2094-pod1.bicloud.z14.usdc2.oraclecloud.com,host,Memory Utilization (%),16/08/2016 00:00:00,81.636,81.66,81.648
us2z14-bi-bius2094-pod1.bicloud.z14.usdc2.oraclecloud.com,host,Memory Utilization (%),16/08/2016 01:00:00,81.661,82.169,81.915
us2z14-bi-bius2094-pod1.bicloud.z14.usdc2.oraclecloud.com,host,Memory Utilization (%),16/08/2016 02:00:00,81.672,81.79,81.731
us2z14-bi-bius2094-pod1.bicloud.z14.usdc2.oraclecloud.com,host,Memory Utilization (%),16/08/2016 03:00:00,79.819,81.682,80.751
us2z14-bi-bius2094-pod1.bicloud.z14.usdc2.oraclecloud.com,host,Memory Utilization (%),16/08/2016 04:00:00,79.858,80.04,79.949
us2z14-bi-bius2094-pod1.bicloud.z14.usdc2.oraclecloud.com,host,Memory Utilization (%),16/08/2016 05:00:00,80.984,80.996,80.99
us2z14-bi-bius2094-pod1.bicloud.z14.usdc2.oraclecloud.com,host,Memory Utilization (%),16/08/2016 06:00:00,81.51,82.635,82.073
us2z14-bi-bius2094-pod1.bicloud.z14.usdc2.oraclecloud.com,host,Memory Utilization (%),16/08/2016 07:00:00,81.031,81.052,81.042
us2z14-bi-bius2094-pod1.bicloud.z14.usdc2.oraclecloud.com,host,Memory Utilization (%),16/08/2016 08:00:00,81.042,81.088,81.065
us2z14-bi-bius2094-pod1.bicloud.z14.usdc2.oraclecloud.com,host,Memory Utilization (%),16/08/2016 09:00:00,81.075,81.536,81.306
us2z14-bi-bius2094-pod1.bicloud.z14.usdc2.oraclecloud.com,host,Memory Utilization (%),16/08/2016 10:00:00,81.045,81.054,81.05
us2z14-bi-bius2094-pod1.bicloud.z14.usdc2.oraclecloud.com,host,Memory Utilization (%),16/08/2016 11:00:00,81.065,81.075,81.07
us2z14-bi-bius2094-pod1.bicloud.z14.usdc2.oraclecloud.com,host,Memory Utilization (%),16/08/2016 12:00:00,81.078,81.091,81.085
us2z14-bi-bius2094-pod1.bicloud.z14.usdc2.oraclecloud.com,host,Memory Utilization (%),16/08/2016 13:00:00,81.124,81.267,81.196
us2z14-bi-bius2094-pod1.bicloud.z14.usdc2.oraclecloud.com,host,Memory Utilization (%),16/08/2016 14:00:00,81.248,81.77,81.509
us2z14-bi-bius2094-pod1.bicloud.z14.usdc2.oraclecloud.com,host,Memory Utilization (%),16/08/2016 15:00:00,81.259,81.277,81.268
us2z14-bi-bius2094-pod1.bicloud.z14.usdc2.oraclecloud.com,host,Memory Utilization (%),16/08/2016 16:00:00,81.321,81.325,81.323
us2z14-bi-bius2094-pod1.bicloud.z14.usdc2.oraclecloud.com,host,Memory Utilization (%),16/08/2016 17:00:00,81.356,81.371,81.364
us2z14-bi-bius2094-pod1.bicloud.z14.usdc2.oraclecloud.com,host,Memory Utilization (%),16/08/2016 18:00:00,75.614,81.369,78.492
us2z14-bi-bius2094-pod1.bicloud.z14.usdc2.oraclecloud.com,host,Memory Utilization (%),16/08/2016 19:00:00,75.607,76.061,75.834
us2z14-bi-bius2094-pod1.bicloud.z14.usdc2.oraclecloud.com,host,Memory Utilization (%),16/08/2016 20:00:00,76.43,79.524,77.977
us2z14-bi-bius2094-pod1.bicloud.z14.usdc2.oraclecloud.com,host,Memory Utilization (%),16/08/2016 21:00:00,76.422,76.573,76.498
us2z14-bi-bius2094-pod1.bicloud.z14.usdc2.oraclecloud.com,host,Memory Utilization (%),16/08/2016 22:00:00,76.381,76.494,76.438
us2z14-bi-bius2094-pod1.bicloud.z14.usdc2.oraclecloud.com,host,Memory Utilization (%),16/08/2016 23:00:00,76.463,76.476,76.47
us2z14-bi-bius2094-pod1.bicloud.z14.usdc2.oraclecloud.com,host,CPU Utilization (%),16/08/2016 00:00:00,30.287,30.344,30.316
us2z14-bi-bius2094-pod1.bicloud.z14.usdc2.oraclecloud.com,host,CPU Utilization (%),16/08/2016 01:00:00,30.348,30.518,30.433
us2z14-bi-bius2094-pod1.bicloud.z14.usdc2.oraclecloud.com,host,CPU Utilization (%),16/08/2016 02:00:00,29.361,29.399,29.38
us2z14-bi-bius2094-pod1.bicloud.z14.usdc2.oraclecloud.com,host,CPU Utilization (%),16/08/2016 03:00:00,30.406,30.616,30.511
us2z14-bi-bius2094-pod1.bicloud.z14.usdc2.oraclecloud.com,host,CPU Utilization (%),16/08/2016 04:00:00,30.363,30.381,30.372
us2z14-bi-bius2094-pod1.bicloud.z14.usdc2.oraclecloud.com,host,CPU Utilization (%),16/08/2016 05:00:00,41.753,42.06,41.907
us2z14-bi-bius2094-pod1.bicloud.z14.usdc2.oraclecloud.com,host,CPU Utilization (%),16/08/2016 06:00:00,30.064,40.977,35.521
us2z14-bi-bius2094-pod1.bicloud.z14.usdc2.oraclecloud.com,host,CPU Utilization (%),16/08/2016 07:00:00,29.489,30.114,29.802
us2z14-bi-bius2094-pod1.bicloud.z14.usdc2.oraclecloud.com,host,CPU Utilization (%),16/08/2016 08:00:00,30.135,30.441,30.288
us2z14-bi-bius2094-pod1.bicloud.z14.usdc2.oraclecloud.com,host,CPU Utilization (%),16/08/2016 09:00:00,30.184,30.383,30.284
us2z14-bi-bius2094-pod1.bicloud.z14.usdc2.oraclecloud.com,host,CPU Utilization (%),16/08/2016 10:00:00,29.243,29.34,29.292
us2z14-bi-bius2094-pod1.bicloud.z14.usdc2.oraclecloud.com,host,CPU Utilization (%),16/08/2016 11:00:00,29.218,29.354,29.286
us2z14-bi-bius2094-pod1.bicloud.z14.usdc2.oraclecloud.com,host,CPU Utilization (%),16/08/2016 12:00:00,29.604,30.47,30.037
us2z14-bi-bius2094-pod1.bicloud.z14.usdc2.oraclecloud.com,host,CPU Utilization (%),16/08/2016 13:00:00,30.57,30.785,30.678
us2z14-bi-bius2094-pod1.bicloud.z14.usdc2.oraclecloud.com,host,CPU Utilization (%),16/08/2016 14:00:00,30.384,30.531,30.458
us2z14-bi-bius2094-pod1.bicloud.z14.usdc2.oraclecloud.com,host,CPU Utilization (%),16/08/2016 15:00:00,29.345,29.666,29.506
us2z14-bi-bius2094-pod1.bicloud.z14.usdc2.oraclecloud.com,host,CPU Utilization (%),16/08/2016 16:00:00,29.318,29.38,29.349
us2z14-bi-bius2094-pod1.bicloud.z14.usdc2.oraclecloud.com,host,CPU Utilization (%),16/08/2016 17:00:00,29.565,30.431,29.998
us2z14-bi-bius2094-pod1.bicloud.z14.usdc2.oraclecloud.com,host,CPU Utilization (%),16/08/2016 18:00:00,30.457,30.693,30.575
us2z14-bi-bius2094-pod1.bicloud.z14.usdc2.oraclecloud.com,host,CPU Utilization (%),16/08/2016 19:00:00,30.078,30.714,30.396
us2z14-bi-bius2094-pod1.bicloud.z14.usdc2.oraclecloud.com,host,CPU Utilization (%),16/08/2016 20:00:00,29.909,30.12,30.015
us2z14-bi-bius2094-pod1.bicloud.z14.usdc2.oraclecloud.com,host,CPU Utilization (%),16/08/2016 21:00:00,29.553,29.812,29.683
us2z14-bi-bius2094-pod1.bicloud.z14.usdc2.oraclecloud.com,host,CPU Utilization (%),16/08/2016 22:00:00,29.621,31.079,30.35
us2z14-bi-bius2094-pod1.bicloud.z14.usdc2.oraclecloud.com,host,CPU Utilization (%),16/08/2016 23:00:00,30.328,30.601,30.465
us2z14-bi-bius2094-pod1.bicloud.z14.usdc2.oraclecloud.com,host,All Network Interfaces Combined Utilization (%),16/08/2016 00:00:00,0,0,0
us2z14-bi-bius2094-pod1.bicloud.z14.usdc2.oraclecloud.com,host,All Network Interfaces Combined Utilization (%),16/08/2016 06:00:00,0,0,0
us2z14-bi-bius2094-pod1.bicloud.z14.usdc2.oraclecloud.com,host,All Network Interfaces Combined Utilization (%),16/08/2016 12:00:00,0,0,0
us2z14-bi-bius2094-pod1.bicloud.z14.usdc2.oraclecloud.com,host,All Network Interfaces Combined Utilization (%),16/08/2016 18:00:00,0,0,0
us2z14-bi-bius2094-pod1.bicloud.z14.usdc2.oraclecloud.com,host,All Network Interfaces Total I/O Rate (MB/sec),16/08/2016 00:00:00,0.003,0.003,0.003
us2z14-bi-bius2094-pod1.bicloud.z14.usdc2.oraclecloud.com,host,All Network Interfaces Total I/O Rate (MB/sec),16/08/2016 06:00:00,0.015,0.015,0.015
us2z14-bi-bius2094-pod1.bicloud.z14.usdc2.oraclecloud.com,host,All Network Interfaces Total I/O Rate (MB/sec),16/08/2016 12:00:00,0.035,0.035,0.035
us2z14-bi-bius2094-pod1.bicloud.z14.usdc2.oraclecloud.com,host,All Network Interfaces Total I/O Rate (MB/sec),16/08/2016 18:00:00,0.043,0.043,0.043
us2z14-bi-bius2094-pod1.bicloud.z14.usdc2.oraclecloud.com,host,Total Disk Utilized (%) (across all local filesystems),16/08/2016 00:00:00,30.503,30.508,30.506
us2z14-bi-bius2094-pod1.bicloud.z14.usdc2.oraclecloud.com,host,Total Disk Utilized (%) (across all local filesystems),16/08/2016 01:00:00,30.502,30.507,30.504
us2z14-bi-bius2094-pod1.bicloud.z14.usdc2.oraclecloud.com,host,Total Disk Utilized (%) (across all local filesystems),16/08/2016 02:00:00,30.508,30.512,30.511
us2z14-bi-bius2094-pod1.bicloud.z14.usdc2.oraclecloud.com,host,Total Disk Utilized (%) (across all local filesystems),16/08/2016 03:00:00,30.503,30.898,30.703
us2z14-bi-bius2094-pod1.bicloud.z14.usdc2.oraclecloud.com,host,Total Disk Utilized (%) (across all local filesystems),16/08/2016 04:00:00,30.893,30.903,30.899
us2z14-bi-bius2094-pod1.bicloud.z14.usdc2.oraclecloud.com,host,Total Disk Utilized (%) (across all local filesystems),16/08/2016 05:00:00,30.912,31.075,30.968
us2z14-bi-bius2094-pod1.bicloud.z14.usdc2.oraclecloud.com,host,Total Disk Utilized (%) (across all local filesystems),16/08/2016 06:00:00,30.921,31.833,31.393
us2z14-bi-bius2094-pod1.bicloud.z14.usdc2.oraclecloud.com,host,Total Disk Utilized (%) (across all local filesystems),16/08/2016 07:00:00,30.908,30.915,30.912
us2z14-bi-bius2094-pod1.bicloud.z14.usdc2.oraclecloud.com,host,Total Disk Utilized (%) (across all local filesystems),16/08/2016 08:00:00,30.913,30.92,30.916
us2z14-bi-bius2094-pod1.bicloud.z14.usdc2.oraclecloud.com,host,Total Disk Utilized (%) (across all local filesystems),16/08/2016 09:00:00,30.917,30.919,30.919
us2z14-bi-bius2094-pod1.bicloud.z14.usdc2.oraclecloud.com,host,Total Disk Utilized (%) (across all local filesystems),16/08/2016 10:00:00,30.918,30.921,30.919
us2z14-bi-bius2094-pod1.bicloud.z14.usdc2.oraclecloud.com,host,Total Disk Utilized (%) (across all local filesystems),16/08/2016 11:00:00,30.921,30.924,30.923
us2z14-bi-bius2094-pod1.bicloud.z14.usdc2.oraclecloud.com,host,Total Disk Utilized (%) (across all local filesystems),16/08/2016 12:00:00,30.924,30.928,30.925
us2z14-bi-bius2094-pod1.bicloud.z14.usdc2.oraclecloud.com,host,Total Disk Utilized (%) (across all local filesystems),16/08/2016 13:00:00,30.917,30.922,30.92
us2z14-bi-bius2094-pod1.bicloud.z14.usdc2.oraclecloud.com,host,Total Disk Utilized (%) (across all local filesystems),16/08/2016 14:00:00,30.92,30.927,30.924
us2z14-bi-bius2094-pod1.bicloud.z14.usdc2.oraclecloud.com,host,Total Disk Utilized (%) (across all local filesystems),16/08/2016 15:00:00,30.926,30.93,30.928
us2z14-bi-bius2094-pod1.bicloud.z14.usdc2.oraclecloud.com,host,Total Disk Utilized (%) (across all local filesystems),16/08/2016 16:00:00,30.929,30.931,30.93
us2z14-bi-bius2094-pod1.bicloud.z14.usdc2.oraclecloud.com,host,Total Disk Utilized (%) (across all local filesystems),16/08/2016 17:00:00,30.933,30.935,30.935
us2z14-bi-bius2094-pod1.bicloud.z14.usdc2.oraclecloud.com,host,Total Disk Utilized (%) (across all local filesystems),16/08/2016 18:00:00,30.881,30.938,30.912
us2z14-bi-bius2094-pod1.bicloud.z14.usdc2.oraclecloud.com,host,Total Disk Utilized (%) (across all local filesystems),16/08/2016 19:00:00,30.882,30.886,30.885
us2z14-bi-bius2094-pod1.bicloud.z14.usdc2.oraclecloud.com,host,Total Disk Utilized (%) (across all local filesystems),16/08/2016 20:00:00,30.887,30.892,30.89
us2z14-bi-bius2094-pod1.bicloud.z14.usdc2.oraclecloud.com,host,Total Disk Utilized (%) (across all local filesystems),16/08/2016 21:00:00,30.89,30.897,30.894
us2z14-bi-bius2094-pod1.bicloud.z14.usdc2.oraclecloud.com,host,Total Disk Utilized (%) (across all local filesystems),16/08/2016 22:00:00,30.882,30.896,30.891
us2z14-bi-bius2094-pod1.bicloud.z14.usdc2.oraclecloud.com,host,Total Disk Utilized (%) (across all local filesystems),16/08/2016 23:00:00,30.882,30.89,30.887
us2z14-bi-bius2094-pod1.bicloud.z14.usdc2.oraclecloud.com,host,Total Disk Utilized (%) (across all local filesystems),16/08/2016 23:00:00,30.882,30.89,30.887
