us2z14-bi-bius2099-pod1.bicloud.z14.usdc2.oraclecloud.com,host,Max Disk I/O (per sec) made by a single disk,16/08/2016 21:00:00,3.437,3.437,3.437
us2z14-bi-bius2099-pod1.bicloud.z14.usdc2.oraclecloud.com,host,Total Disk I/O made across all disks (per second),16/08/2016 21:00:00,11.46,11.46,11.46
us2z14-bi-bius2099-pod1.bicloud.z14.usdc2.oraclecloud.com,host,Memory Utilization (%),16/08/2016 00:00:00,68.979,69.05,69.015
us2z14-bi-bius2099-pod1.bicloud.z14.usdc2.oraclecloud.com,host,Memory Utilization (%),16/08/2016 01:00:00,68.548,68.74,68.644
us2z14-bi-bius2099-pod1.bicloud.z14.usdc2.oraclecloud.com,host,Memory Utilization (%),16/08/2016 02:00:00,68.542,68.549,68.546
us2z14-bi-bius2099-pod1.bicloud.z14.usdc2.oraclecloud.com,host,Memory Utilization (%),16/08/2016 03:00:00,68.55,68.558,68.554
us2z14-bi-bius2099-pod1.bicloud.z14.usdc2.oraclecloud.com,host,Memory Utilization (%),16/08/2016 04:00:00,68.548,68.56,68.554
us2z14-bi-bius2099-pod1.bicloud.z14.usdc2.oraclecloud.com,host,Memory Utilization (%),16/08/2016 05:00:00,68.52,68.533,68.527
us2z14-bi-bius2099-pod1.bicloud.z14.usdc2.oraclecloud.com,host,Memory Utilization (%),16/08/2016 06:00:00,68.52,68.523,68.522
us2z14-bi-bius2099-pod1.bicloud.z14.usdc2.oraclecloud.com,host,Memory Utilization (%),16/08/2016 07:00:00,68.539,68.555,68.547
us2z14-bi-bius2099-pod1.bicloud.z14.usdc2.oraclecloud.com,host,Memory Utilization (%),16/08/2016 08:00:00,68.527,68.596,68.562
us2z14-bi-bius2099-pod1.bicloud.z14.usdc2.oraclecloud.com,host,Memory Utilization (%),16/08/2016 09:00:00,68.657,68.66,68.659
us2z14-bi-bius2099-pod1.bicloud.z14.usdc2.oraclecloud.com,host,Memory Utilization (%),16/08/2016 10:00:00,68.663,68.667,68.665
us2z14-bi-bius2099-pod1.bicloud.z14.usdc2.oraclecloud.com,host,Memory Utilization (%),16/08/2016 11:00:00,68.675,70.176,69.426
us2z14-bi-bius2099-pod1.bicloud.z14.usdc2.oraclecloud.com,host,Memory Utilization (%),16/08/2016 12:00:00,68.665,68.677,68.671
us2z14-bi-bius2099-pod1.bicloud.z14.usdc2.oraclecloud.com,host,Memory Utilization (%),16/08/2016 13:00:00,68.716,68.718,68.717
us2z14-bi-bius2099-pod1.bicloud.z14.usdc2.oraclecloud.com,host,Memory Utilization (%),16/08/2016 14:00:00,68.532,69.532,69.032
us2z14-bi-bius2099-pod1.bicloud.z14.usdc2.oraclecloud.com,host,Memory Utilization (%),16/08/2016 15:00:00,68.014,69.066,68.54
us2z14-bi-bius2099-pod1.bicloud.z14.usdc2.oraclecloud.com,host,Memory Utilization (%),16/08/2016 16:00:00,67.747,67.755,67.751
us2z14-bi-bius2099-pod1.bicloud.z14.usdc2.oraclecloud.com,host,Memory Utilization (%),16/08/2016 17:00:00,67.749,67.806,67.778
us2z14-bi-bius2099-pod1.bicloud.z14.usdc2.oraclecloud.com,host,Memory Utilization (%),16/08/2016 18:00:00,67.777,67.788,67.783
us2z14-bi-bius2099-pod1.bicloud.z14.usdc2.oraclecloud.com,host,Memory Utilization (%),16/08/2016 19:00:00,67.723,67.729,67.726
us2z14-bi-bius2099-pod1.bicloud.z14.usdc2.oraclecloud.com,host,Memory Utilization (%),16/08/2016 20:00:00,67.723,67.737,67.73
us2z14-bi-bius2099-pod1.bicloud.z14.usdc2.oraclecloud.com,host,Memory Utilization (%),16/08/2016 21:00:00,67.846,67.905,67.876
us2z14-bi-bius2099-pod1.bicloud.z14.usdc2.oraclecloud.com,host,Memory Utilization (%),16/08/2016 22:00:00,67.835,67.841,67.838
us2z14-bi-bius2099-pod1.bicloud.z14.usdc2.oraclecloud.com,host,Memory Utilization (%),16/08/2016 23:00:00,67.829,67.836,67.833
us2z14-bi-bius2099-pod1.bicloud.z14.usdc2.oraclecloud.com,host,CPU Utilization (%),16/08/2016 00:00:00,5.086,5.602,5.344
us2z14-bi-bius2099-pod1.bicloud.z14.usdc2.oraclecloud.com,host,CPU Utilization (%),16/08/2016 01:00:00,4.408,4.698,4.553
us2z14-bi-bius2099-pod1.bicloud.z14.usdc2.oraclecloud.com,host,CPU Utilization (%),16/08/2016 02:00:00,4.519,4.541,4.53
us2z14-bi-bius2099-pod1.bicloud.z14.usdc2.oraclecloud.com,host,CPU Utilization (%),16/08/2016 03:00:00,4.579,4.625,4.602
us2z14-bi-bius2099-pod1.bicloud.z14.usdc2.oraclecloud.com,host,CPU Utilization (%),16/08/2016 04:00:00,4.665,4.861,4.763
us2z14-bi-bius2099-pod1.bicloud.z14.usdc2.oraclecloud.com,host,CPU Utilization (%),16/08/2016 05:00:00,4.657,4.678,4.668
us2z14-bi-bius2099-pod1.bicloud.z14.usdc2.oraclecloud.com,host,CPU Utilization (%),16/08/2016 06:00:00,4.607,4.762,4.685
us2z14-bi-bius2099-pod1.bicloud.z14.usdc2.oraclecloud.com,host,CPU Utilization (%),16/08/2016 07:00:00,4.589,5.503,5.046
us2z14-bi-bius2099-pod1.bicloud.z14.usdc2.oraclecloud.com,host,CPU Utilization (%),16/08/2016 08:00:00,5.408,5.818,5.613
us2z14-bi-bius2099-pod1.bicloud.z14.usdc2.oraclecloud.com,host,CPU Utilization (%),16/08/2016 09:00:00,5.384,5.505,5.445
us2z14-bi-bius2099-pod1.bicloud.z14.usdc2.oraclecloud.com,host,CPU Utilization (%),16/08/2016 10:00:00,5.414,5.445,5.43
us2z14-bi-bius2099-pod1.bicloud.z14.usdc2.oraclecloud.com,host,CPU Utilization (%),16/08/2016 11:00:00,5.598,10.729,8.164
us2z14-bi-bius2099-pod1.bicloud.z14.usdc2.oraclecloud.com,host,CPU Utilization (%),16/08/2016 12:00:00,4.538,4.617,4.578
us2z14-bi-bius2099-pod1.bicloud.z14.usdc2.oraclecloud.com,host,CPU Utilization (%),16/08/2016 13:00:00,5.037,5.119,5.078
us2z14-bi-bius2099-pod1.bicloud.z14.usdc2.oraclecloud.com,host,CPU Utilization (%),16/08/2016 14:00:00,4.838,15.27,10.054
us2z14-bi-bius2099-pod1.bicloud.z14.usdc2.oraclecloud.com,host,CPU Utilization (%),16/08/2016 15:00:00,4.571,15.883,10.227
us2z14-bi-bius2099-pod1.bicloud.z14.usdc2.oraclecloud.com,host,CPU Utilization (%),16/08/2016 16:00:00,4.536,4.651,4.594
us2z14-bi-bius2099-pod1.bicloud.z14.usdc2.oraclecloud.com,host,CPU Utilization (%),16/08/2016 17:00:00,4.673,4.772,4.723
us2z14-bi-bius2099-pod1.bicloud.z14.usdc2.oraclecloud.com,host,CPU Utilization (%),16/08/2016 18:00:00,4.941,5.334,5.138
us2z14-bi-bius2099-pod1.bicloud.z14.usdc2.oraclecloud.com,host,CPU Utilization (%),16/08/2016 19:00:00,5.54,5.553,5.547
us2z14-bi-bius2099-pod1.bicloud.z14.usdc2.oraclecloud.com,host,CPU Utilization (%),16/08/2016 20:00:00,5.459,5.603,5.531
us2z14-bi-bius2099-pod1.bicloud.z14.usdc2.oraclecloud.com,host,CPU Utilization (%),16/08/2016 21:00:00,5.542,5.556,5.549
us2z14-bi-bius2099-pod1.bicloud.z14.usdc2.oraclecloud.com,host,CPU Utilization (%),16/08/2016 22:00:00,5.394,5.449,5.422
us2z14-bi-bius2099-pod1.bicloud.z14.usdc2.oraclecloud.com,host,CPU Utilization (%),16/08/2016 23:00:00,5.38,5.444,5.412
us2z14-bi-bius2099-pod1.bicloud.z14.usdc2.oraclecloud.com,host,All Network Interfaces Combined Utilization (%),16/08/2016 05:00:00,0,0,0
us2z14-bi-bius2099-pod1.bicloud.z14.usdc2.oraclecloud.com,host,All Network Interfaces Combined Utilization (%),16/08/2016 11:00:00,0,0,0
us2z14-bi-bius2099-pod1.bicloud.z14.usdc2.oraclecloud.com,host,All Network Interfaces Combined Utilization (%),16/08/2016 17:00:00,0,0,0
us2z14-bi-bius2099-pod1.bicloud.z14.usdc2.oraclecloud.com,host,All Network Interfaces Combined Utilization (%),16/08/2016 23:00:00,0,0,0
us2z14-bi-bius2099-pod1.bicloud.z14.usdc2.oraclecloud.com,host,All Network Interfaces Total I/O Rate (MB/sec),16/08/2016 05:00:00,0.016,0.016,0.016
us2z14-bi-bius2099-pod1.bicloud.z14.usdc2.oraclecloud.com,host,All Network Interfaces Total I/O Rate (MB/sec),16/08/2016 11:00:00,0.01,0.01,0.01
us2z14-bi-bius2099-pod1.bicloud.z14.usdc2.oraclecloud.com,host,All Network Interfaces Total I/O Rate (MB/sec),16/08/2016 17:00:00,0.054,0.054,0.054
us2z14-bi-bius2099-pod1.bicloud.z14.usdc2.oraclecloud.com,host,All Network Interfaces Total I/O Rate (MB/sec),16/08/2016 23:00:00,0.01,0.01,0.01
us2z14-bi-bius2099-pod1.bicloud.z14.usdc2.oraclecloud.com,host,Total Disk Utilized (%) (across all local filesystems),16/08/2016 00:00:00,26.659,26.666,26.662
us2z14-bi-bius2099-pod1.bicloud.z14.usdc2.oraclecloud.com,host,Total Disk Utilized (%) (across all local filesystems),16/08/2016 01:00:00,26.661,26.664,26.662
us2z14-bi-bius2099-pod1.bicloud.z14.usdc2.oraclecloud.com,host,Total Disk Utilized (%) (across all local filesystems),16/08/2016 02:00:00,26.662,26.664,26.663
us2z14-bi-bius2099-pod1.bicloud.z14.usdc2.oraclecloud.com,host,Total Disk Utilized (%) (across all local filesystems),16/08/2016 03:00:00,26.664,26.664,26.664
us2z14-bi-bius2099-pod1.bicloud.z14.usdc2.oraclecloud.com,host,Total Disk Utilized (%) (across all local filesystems),16/08/2016 04:00:00,26.665,26.67,26.667
us2z14-bi-bius2099-pod1.bicloud.z14.usdc2.oraclecloud.com,host,Total Disk Utilized (%) (across all local filesystems),16/08/2016 05:00:00,26.669,26.674,26.672
us2z14-bi-bius2099-pod1.bicloud.z14.usdc2.oraclecloud.com,host,Total Disk Utilized (%) (across all local filesystems),16/08/2016 06:00:00,26.67,26.673,26.672
us2z14-bi-bius2099-pod1.bicloud.z14.usdc2.oraclecloud.com,host,Total Disk Utilized (%) (across all local filesystems),16/08/2016 07:00:00,26.671,26.673,26.672
us2z14-bi-bius2099-pod1.bicloud.z14.usdc2.oraclecloud.com,host,Total Disk Utilized (%) (across all local filesystems),16/08/2016 08:00:00,26.671,26.674,26.673
us2z14-bi-bius2099-pod1.bicloud.z14.usdc2.oraclecloud.com,host,Total Disk Utilized (%) (across all local filesystems),16/08/2016 09:00:00,26.675,26.678,26.677
us2z14-bi-bius2099-pod1.bicloud.z14.usdc2.oraclecloud.com,host,Total Disk Utilized (%) (across all local filesystems),16/08/2016 10:00:00,26.675,26.677,26.676
us2z14-bi-bius2099-pod1.bicloud.z14.usdc2.oraclecloud.com,host,Total Disk Utilized (%) (across all local filesystems),16/08/2016 11:00:00,26.677,26.682,26.68
us2z14-bi-bius2099-pod1.bicloud.z14.usdc2.oraclecloud.com,host,Total Disk Utilized (%) (across all local filesystems),16/08/2016 12:00:00,26.676,26.68,26.678
us2z14-bi-bius2099-pod1.bicloud.z14.usdc2.oraclecloud.com,host,Total Disk Utilized (%) (across all local filesystems),16/08/2016 13:00:00,26.68,26.687,26.684
us2z14-bi-bius2099-pod1.bicloud.z14.usdc2.oraclecloud.com,host,Total Disk Utilized (%) (across all local filesystems),16/08/2016 14:00:00,26.703,27.255,27.005
us2z14-bi-bius2099-pod1.bicloud.z14.usdc2.oraclecloud.com,host,Total Disk Utilized (%) (across all local filesystems),16/08/2016 15:00:00,26.713,27.28,26.999
us2z14-bi-bius2099-pod1.bicloud.z14.usdc2.oraclecloud.com,host,Total Disk Utilized (%) (across all local filesystems),16/08/2016 16:00:00,26.695,26.698,26.697
us2z14-bi-bius2099-pod1.bicloud.z14.usdc2.oraclecloud.com,host,Total Disk Utilized (%) (across all local filesystems),16/08/2016 17:00:00,26.697,26.702,26.699
us2z14-bi-bius2099-pod1.bicloud.z14.usdc2.oraclecloud.com,host,Total Disk Utilized (%) (across all local filesystems),16/08/2016 18:00:00,26.697,26.7,26.699
us2z14-bi-bius2099-pod1.bicloud.z14.usdc2.oraclecloud.com,host,Total Disk Utilized (%) (across all local filesystems),16/08/2016 19:00:00,26.696,26.702,26.699
us2z14-bi-bius2099-pod1.bicloud.z14.usdc2.oraclecloud.com,host,Total Disk Utilized (%) (across all local filesystems),16/08/2016 20:00:00,26.701,26.704,26.703
us2z14-bi-bius2099-pod1.bicloud.z14.usdc2.oraclecloud.com,host,Total Disk Utilized (%) (across all local filesystems),16/08/2016 21:00:00,26.703,26.705,26.704
us2z14-bi-bius2099-pod1.bicloud.z14.usdc2.oraclecloud.com,host,Total Disk Utilized (%) (across all local filesystems),16/08/2016 22:00:00,26.705,26.707,26.706
us2z14-bi-bius2099-pod1.bicloud.z14.usdc2.oraclecloud.com,host,Total Disk Utilized (%) (across all local filesystems),16/08/2016 23:00:00,26.705,26.708,26.707
us2z14-bi-bius2099-pod1.bicloud.z14.usdc2.oraclecloud.com,host,Total Disk Utilized (%) (across all local filesystems),16/08/2016 23:00:00,26.705,26.708,26.707
