us2z14-bi-bius2101-pod1.bicloud.z14.usdc2.oraclecloud.com,host,Max Disk I/O (per sec) made by a single disk,16/08/2016 22:00:00,1.523,1.523,1.523
us2z14-bi-bius2101-pod1.bicloud.z14.usdc2.oraclecloud.com,host,Total Disk I/O made across all disks (per second),16/08/2016 22:00:00,8.241,8.241,8.241
us2z14-bi-bius2101-pod1.bicloud.z14.usdc2.oraclecloud.com,host,Memory Utilization (%),16/08/2016 00:00:00,60.3,60.304,60.302
us2z14-bi-bius2101-pod1.bicloud.z14.usdc2.oraclecloud.com,host,Memory Utilization (%),16/08/2016 01:00:00,60.314,60.318,60.316
us2z14-bi-bius2101-pod1.bicloud.z14.usdc2.oraclecloud.com,host,Memory Utilization (%),16/08/2016 02:00:00,60.299,60.328,60.314
us2z14-bi-bius2101-pod1.bicloud.z14.usdc2.oraclecloud.com,host,Memory Utilization (%),16/08/2016 03:00:00,60.299,60.713,60.506
us2z14-bi-bius2101-pod1.bicloud.z14.usdc2.oraclecloud.com,host,Memory Utilization (%),16/08/2016 04:00:00,60.434,60.609,60.522
us2z14-bi-bius2101-pod1.bicloud.z14.usdc2.oraclecloud.com,host,Memory Utilization (%),16/08/2016 05:00:00,60.256,60.268,60.262
us2z14-bi-bius2101-pod1.bicloud.z14.usdc2.oraclecloud.com,host,Memory Utilization (%),16/08/2016 06:00:00,60.272,60.276,60.274
us2z14-bi-bius2101-pod1.bicloud.z14.usdc2.oraclecloud.com,host,Memory Utilization (%),16/08/2016 07:00:00,60.595,60.623,60.609
us2z14-bi-bius2101-pod1.bicloud.z14.usdc2.oraclecloud.com,host,Memory Utilization (%),16/08/2016 08:00:00,60.507,60.784,60.646
us2z14-bi-bius2101-pod1.bicloud.z14.usdc2.oraclecloud.com,host,Memory Utilization (%),16/08/2016 09:00:00,60.499,60.508,60.504
us2z14-bi-bius2101-pod1.bicloud.z14.usdc2.oraclecloud.com,host,Memory Utilization (%),16/08/2016 10:00:00,60.489,60.516,60.503
us2z14-bi-bius2101-pod1.bicloud.z14.usdc2.oraclecloud.com,host,Memory Utilization (%),16/08/2016 11:00:00,60.497,60.505,60.501
us2z14-bi-bius2101-pod1.bicloud.z14.usdc2.oraclecloud.com,host,Memory Utilization (%),16/08/2016 12:00:00,60.934,60.992,60.963
us2z14-bi-bius2101-pod1.bicloud.z14.usdc2.oraclecloud.com,host,Memory Utilization (%),16/08/2016 13:00:00,60.56,60.773,60.667
us2z14-bi-bius2101-pod1.bicloud.z14.usdc2.oraclecloud.com,host,Memory Utilization (%),16/08/2016 14:00:00,60.467,60.533,60.5
us2z14-bi-bius2101-pod1.bicloud.z14.usdc2.oraclecloud.com,host,Memory Utilization (%),16/08/2016 15:00:00,60.465,60.474,60.47
us2z14-bi-bius2101-pod1.bicloud.z14.usdc2.oraclecloud.com,host,Memory Utilization (%),16/08/2016 16:00:00,60.44,60.448,60.444
us2z14-bi-bius2101-pod1.bicloud.z14.usdc2.oraclecloud.com,host,Memory Utilization (%),16/08/2016 17:00:00,60.456,60.463,60.46
us2z14-bi-bius2101-pod1.bicloud.z14.usdc2.oraclecloud.com,host,Memory Utilization (%),16/08/2016 18:00:00,60.459,60.469,60.464
us2z14-bi-bius2101-pod1.bicloud.z14.usdc2.oraclecloud.com,host,Memory Utilization (%),16/08/2016 19:00:00,60.465,60.477,60.471
us2z14-bi-bius2101-pod1.bicloud.z14.usdc2.oraclecloud.com,host,Memory Utilization (%),16/08/2016 20:00:00,60.795,60.89,60.843
us2z14-bi-bius2101-pod1.bicloud.z14.usdc2.oraclecloud.com,host,Memory Utilization (%),16/08/2016 21:00:00,60.751,60.817,60.784
us2z14-bi-bius2101-pod1.bicloud.z14.usdc2.oraclecloud.com,host,Memory Utilization (%),16/08/2016 22:00:00,60.833,60.852,60.843
us2z14-bi-bius2101-pod1.bicloud.z14.usdc2.oraclecloud.com,host,Memory Utilization (%),16/08/2016 23:00:00,60.832,60.847,60.84
us2z14-bi-bius2101-pod1.bicloud.z14.usdc2.oraclecloud.com,host,CPU Utilization (%),16/08/2016 00:00:00,9.089,9.211,9.15
us2z14-bi-bius2101-pod1.bicloud.z14.usdc2.oraclecloud.com,host,CPU Utilization (%),16/08/2016 01:00:00,8.921,8.993,8.957
us2z14-bi-bius2101-pod1.bicloud.z14.usdc2.oraclecloud.com,host,CPU Utilization (%),16/08/2016 02:00:00,8.861,9.135,8.998
us2z14-bi-bius2101-pod1.bicloud.z14.usdc2.oraclecloud.com,host,CPU Utilization (%),16/08/2016 03:00:00,8.985,9.022,9.004
us2z14-bi-bius2101-pod1.bicloud.z14.usdc2.oraclecloud.com,host,CPU Utilization (%),16/08/2016 04:00:00,8.949,9.039,8.994
us2z14-bi-bius2101-pod1.bicloud.z14.usdc2.oraclecloud.com,host,CPU Utilization (%),16/08/2016 05:00:00,9.002,9.007,9.005
us2z14-bi-bius2101-pod1.bicloud.z14.usdc2.oraclecloud.com,host,CPU Utilization (%),16/08/2016 06:00:00,8.856,9.103,8.98
us2z14-bi-bius2101-pod1.bicloud.z14.usdc2.oraclecloud.com,host,CPU Utilization (%),16/08/2016 07:00:00,9.08,9.093,9.087
us2z14-bi-bius2101-pod1.bicloud.z14.usdc2.oraclecloud.com,host,CPU Utilization (%),16/08/2016 08:00:00,8.914,9.214,9.064
us2z14-bi-bius2101-pod1.bicloud.z14.usdc2.oraclecloud.com,host,CPU Utilization (%),16/08/2016 09:00:00,9.097,9.124,9.111
us2z14-bi-bius2101-pod1.bicloud.z14.usdc2.oraclecloud.com,host,CPU Utilization (%),16/08/2016 10:00:00,9.085,9.178,9.132
us2z14-bi-bius2101-pod1.bicloud.z14.usdc2.oraclecloud.com,host,CPU Utilization (%),16/08/2016 11:00:00,9.005,9.071,9.038
us2z14-bi-bius2101-pod1.bicloud.z14.usdc2.oraclecloud.com,host,CPU Utilization (%),16/08/2016 12:00:00,9.111,9.149,9.13
us2z14-bi-bius2101-pod1.bicloud.z14.usdc2.oraclecloud.com,host,CPU Utilization (%),16/08/2016 13:00:00,8.999,9.194,9.097
us2z14-bi-bius2101-pod1.bicloud.z14.usdc2.oraclecloud.com,host,CPU Utilization (%),16/08/2016 14:00:00,9.048,9.082,9.065
us2z14-bi-bius2101-pod1.bicloud.z14.usdc2.oraclecloud.com,host,CPU Utilization (%),16/08/2016 15:00:00,9.044,9.164,9.104
us2z14-bi-bius2101-pod1.bicloud.z14.usdc2.oraclecloud.com,host,CPU Utilization (%),16/08/2016 16:00:00,8.934,9.075,9.005
us2z14-bi-bius2101-pod1.bicloud.z14.usdc2.oraclecloud.com,host,CPU Utilization (%),16/08/2016 17:00:00,9.096,9.204,9.15
us2z14-bi-bius2101-pod1.bicloud.z14.usdc2.oraclecloud.com,host,CPU Utilization (%),16/08/2016 18:00:00,9.146,9.173,9.16
us2z14-bi-bius2101-pod1.bicloud.z14.usdc2.oraclecloud.com,host,CPU Utilization (%),16/08/2016 19:00:00,9.069,9.218,9.144
us2z14-bi-bius2101-pod1.bicloud.z14.usdc2.oraclecloud.com,host,CPU Utilization (%),16/08/2016 20:00:00,9.102,9.248,9.175
us2z14-bi-bius2101-pod1.bicloud.z14.usdc2.oraclecloud.com,host,CPU Utilization (%),16/08/2016 21:00:00,8.931,8.932,8.932
us2z14-bi-bius2101-pod1.bicloud.z14.usdc2.oraclecloud.com,host,CPU Utilization (%),16/08/2016 22:00:00,8.948,9.167,9.058
us2z14-bi-bius2101-pod1.bicloud.z14.usdc2.oraclecloud.com,host,CPU Utilization (%),16/08/2016 23:00:00,9.204,9.24,9.222
us2z14-bi-bius2101-pod1.bicloud.z14.usdc2.oraclecloud.com,host,All Network Interfaces Combined Utilization (%),16/08/2016 01:00:00,0,0,0
us2z14-bi-bius2101-pod1.bicloud.z14.usdc2.oraclecloud.com,host,All Network Interfaces Combined Utilization (%),16/08/2016 07:00:00,0,0,0
us2z14-bi-bius2101-pod1.bicloud.z14.usdc2.oraclecloud.com,host,All Network Interfaces Combined Utilization (%),16/08/2016 13:00:00,0,0,0
us2z14-bi-bius2101-pod1.bicloud.z14.usdc2.oraclecloud.com,host,All Network Interfaces Combined Utilization (%),16/08/2016 19:00:00,0,0,0
us2z14-bi-bius2101-pod1.bicloud.z14.usdc2.oraclecloud.com,host,All Network Interfaces Total I/O Rate (MB/sec),16/08/2016 01:00:00,0.003,0.003,0.003
us2z14-bi-bius2101-pod1.bicloud.z14.usdc2.oraclecloud.com,host,All Network Interfaces Total I/O Rate (MB/sec),16/08/2016 07:00:00,0.007,0.007,0.007
us2z14-bi-bius2101-pod1.bicloud.z14.usdc2.oraclecloud.com,host,All Network Interfaces Total I/O Rate (MB/sec),16/08/2016 13:00:00,0.003,0.003,0.003
us2z14-bi-bius2101-pod1.bicloud.z14.usdc2.oraclecloud.com,host,All Network Interfaces Total I/O Rate (MB/sec),16/08/2016 19:00:00,0.003,0.003,0.003
us2z14-bi-bius2101-pod1.bicloud.z14.usdc2.oraclecloud.com,host,Total Disk Utilized (%) (across all local filesystems),16/08/2016 00:00:00,10.693,10.695,10.694
us2z14-bi-bius2101-pod1.bicloud.z14.usdc2.oraclecloud.com,host,Total Disk Utilized (%) (across all local filesystems),16/08/2016 01:00:00,10.694,10.696,10.695
us2z14-bi-bius2101-pod1.bicloud.z14.usdc2.oraclecloud.com,host,Total Disk Utilized (%) (across all local filesystems),16/08/2016 02:00:00,10.694,10.696,10.695
us2z14-bi-bius2101-pod1.bicloud.z14.usdc2.oraclecloud.com,host,Total Disk Utilized (%) (across all local filesystems),16/08/2016 03:00:00,10.69,10.696,10.693
us2z14-bi-bius2101-pod1.bicloud.z14.usdc2.oraclecloud.com,host,Total Disk Utilized (%) (across all local filesystems),16/08/2016 04:00:00,10.69,10.691,10.691
us2z14-bi-bius2101-pod1.bicloud.z14.usdc2.oraclecloud.com,host,Total Disk Utilized (%) (across all local filesystems),16/08/2016 05:00:00,10.692,10.693,10.692
us2z14-bi-bius2101-pod1.bicloud.z14.usdc2.oraclecloud.com,host,Total Disk Utilized (%) (across all local filesystems),16/08/2016 06:00:00,10.692,10.694,10.693
us2z14-bi-bius2101-pod1.bicloud.z14.usdc2.oraclecloud.com,host,Total Disk Utilized (%) (across all local filesystems),16/08/2016 07:00:00,10.782,10.784,10.783
us2z14-bi-bius2101-pod1.bicloud.z14.usdc2.oraclecloud.com,host,Total Disk Utilized (%) (across all local filesystems),16/08/2016 08:00:00,10.695,10.696,10.695
us2z14-bi-bius2101-pod1.bicloud.z14.usdc2.oraclecloud.com,host,Total Disk Utilized (%) (across all local filesystems),16/08/2016 09:00:00,10.695,10.697,10.696
us2z14-bi-bius2101-pod1.bicloud.z14.usdc2.oraclecloud.com,host,Total Disk Utilized (%) (across all local filesystems),16/08/2016 10:00:00,10.695,10.697,10.696
us2z14-bi-bius2101-pod1.bicloud.z14.usdc2.oraclecloud.com,host,Total Disk Utilized (%) (across all local filesystems),16/08/2016 11:00:00,10.697,10.698,10.697
us2z14-bi-bius2101-pod1.bicloud.z14.usdc2.oraclecloud.com,host,Total Disk Utilized (%) (across all local filesystems),16/08/2016 12:00:00,10.697,10.699,10.698
us2z14-bi-bius2101-pod1.bicloud.z14.usdc2.oraclecloud.com,host,Total Disk Utilized (%) (across all local filesystems),16/08/2016 13:00:00,10.698,10.7,10.699
us2z14-bi-bius2101-pod1.bicloud.z14.usdc2.oraclecloud.com,host,Total Disk Utilized (%) (across all local filesystems),16/08/2016 14:00:00,10.695,10.7,10.699
us2z14-bi-bius2101-pod1.bicloud.z14.usdc2.oraclecloud.com,host,Total Disk Utilized (%) (across all local filesystems),16/08/2016 15:00:00,10.696,10.697,10.696
us2z14-bi-bius2101-pod1.bicloud.z14.usdc2.oraclecloud.com,host,Total Disk Utilized (%) (across all local filesystems),16/08/2016 16:00:00,10.695,10.697,10.696
us2z14-bi-bius2101-pod1.bicloud.z14.usdc2.oraclecloud.com,host,Total Disk Utilized (%) (across all local filesystems),16/08/2016 17:00:00,10.696,10.697,10.696
us2z14-bi-bius2101-pod1.bicloud.z14.usdc2.oraclecloud.com,host,Total Disk Utilized (%) (across all local filesystems),16/08/2016 18:00:00,10.697,10.698,10.697
us2z14-bi-bius2101-pod1.bicloud.z14.usdc2.oraclecloud.com,host,Total Disk Utilized (%) (across all local filesystems),16/08/2016 19:00:00,10.697,10.698,10.698
us2z14-bi-bius2101-pod1.bicloud.z14.usdc2.oraclecloud.com,host,Total Disk Utilized (%) (across all local filesystems),16/08/2016 20:00:00,10.699,10.701,10.7
us2z14-bi-bius2101-pod1.bicloud.z14.usdc2.oraclecloud.com,host,Total Disk Utilized (%) (across all local filesystems),16/08/2016 21:00:00,10.702,10.705,10.703
us2z14-bi-bius2101-pod1.bicloud.z14.usdc2.oraclecloud.com,host,Total Disk Utilized (%) (across all local filesystems),16/08/2016 22:00:00,10.704,10.706,10.705
us2z14-bi-bius2101-pod1.bicloud.z14.usdc2.oraclecloud.com,host,Total Disk Utilized (%) (across all local filesystems),16/08/2016 23:00:00,10.706,10.707,10.707
us2z14-bi-bius2101-pod1.bicloud.z14.usdc2.oraclecloud.com,host,Total Disk Utilized (%) (across all local filesystems),16/08/2016 23:00:00,10.706,10.707,10.707
