us2z15-bi-bius2087-pod1.bicloud.z15.usdc2.oraclecloud.com,host,Max Disk I/O (per sec) made by a single disk,16/08/2016 14:00:00,3.714,3.714,3.714
us2z15-bi-bius2087-pod1.bicloud.z15.usdc2.oraclecloud.com,host,Total Disk I/O made across all disks (per second),16/08/2016 14:00:00,11.802,11.802,11.802
us2z15-bi-bius2087-pod1.bicloud.z15.usdc2.oraclecloud.com,host,Memory Utilization (%),16/08/2016 00:00:00,46.444,46.447,46.446
us2z15-bi-bius2087-pod1.bicloud.z15.usdc2.oraclecloud.com,host,Memory Utilization (%),16/08/2016 01:00:00,46.455,46.57,46.513
us2z15-bi-bius2087-pod1.bicloud.z15.usdc2.oraclecloud.com,host,Memory Utilization (%),16/08/2016 02:00:00,46.453,46.51,46.482
us2z15-bi-bius2087-pod1.bicloud.z15.usdc2.oraclecloud.com,host,Memory Utilization (%),16/08/2016 03:00:00,46.455,46.488,46.472
us2z15-bi-bius2087-pod1.bicloud.z15.usdc2.oraclecloud.com,host,Memory Utilization (%),16/08/2016 04:00:00,46.48,46.571,46.526
us2z15-bi-bius2087-pod1.bicloud.z15.usdc2.oraclecloud.com,host,Memory Utilization (%),16/08/2016 05:00:00,46.49,46.498,46.494
us2z15-bi-bius2087-pod1.bicloud.z15.usdc2.oraclecloud.com,host,Memory Utilization (%),16/08/2016 06:00:00,46.629,46.725,46.677
us2z15-bi-bius2087-pod1.bicloud.z15.usdc2.oraclecloud.com,host,Memory Utilization (%),16/08/2016 07:00:00,46.578,46.681,46.63
us2z15-bi-bius2087-pod1.bicloud.z15.usdc2.oraclecloud.com,host,Memory Utilization (%),16/08/2016 08:00:00,46.606,46.659,46.633
us2z15-bi-bius2087-pod1.bicloud.z15.usdc2.oraclecloud.com,host,Memory Utilization (%),16/08/2016 09:00:00,46.566,46.574,46.57
us2z15-bi-bius2087-pod1.bicloud.z15.usdc2.oraclecloud.com,host,Memory Utilization (%),16/08/2016 10:00:00,46.559,46.669,46.614
us2z15-bi-bius2087-pod1.bicloud.z15.usdc2.oraclecloud.com,host,Memory Utilization (%),16/08/2016 11:00:00,46.556,46.958,46.757
us2z15-bi-bius2087-pod1.bicloud.z15.usdc2.oraclecloud.com,host,Memory Utilization (%),16/08/2016 12:00:00,46.682,46.964,46.823
us2z15-bi-bius2087-pod1.bicloud.z15.usdc2.oraclecloud.com,host,Memory Utilization (%),16/08/2016 13:00:00,46.763,47.481,47.122
us2z15-bi-bius2087-pod1.bicloud.z15.usdc2.oraclecloud.com,host,Memory Utilization (%),16/08/2016 14:00:00,46.829,46.999,46.914
us2z15-bi-bius2087-pod1.bicloud.z15.usdc2.oraclecloud.com,host,Memory Utilization (%),16/08/2016 15:00:00,46.749,46.764,46.757
us2z15-bi-bius2087-pod1.bicloud.z15.usdc2.oraclecloud.com,host,Memory Utilization (%),16/08/2016 16:00:00,46.729,46.847,46.788
us2z15-bi-bius2087-pod1.bicloud.z15.usdc2.oraclecloud.com,host,Memory Utilization (%),16/08/2016 17:00:00,46.719,46.788,46.754
us2z15-bi-bius2087-pod1.bicloud.z15.usdc2.oraclecloud.com,host,Memory Utilization (%),16/08/2016 18:00:00,46.726,46.736,46.731
us2z15-bi-bius2087-pod1.bicloud.z15.usdc2.oraclecloud.com,host,Memory Utilization (%),16/08/2016 19:00:00,46.739,46.81,46.775
us2z15-bi-bius2087-pod1.bicloud.z15.usdc2.oraclecloud.com,host,Memory Utilization (%),16/08/2016 20:00:00,46.718,46.727,46.723
us2z15-bi-bius2087-pod1.bicloud.z15.usdc2.oraclecloud.com,host,Memory Utilization (%),16/08/2016 21:00:00,46.733,46.737,46.735
us2z15-bi-bius2087-pod1.bicloud.z15.usdc2.oraclecloud.com,host,Memory Utilization (%),16/08/2016 22:00:00,46.742,46.856,46.799
us2z15-bi-bius2087-pod1.bicloud.z15.usdc2.oraclecloud.com,host,Memory Utilization (%),16/08/2016 23:00:00,46.737,47.156,46.947
us2z15-bi-bius2087-pod1.bicloud.z15.usdc2.oraclecloud.com,host,CPU Utilization (%),16/08/2016 00:00:00,1.996,3.318,2.657
us2z15-bi-bius2087-pod1.bicloud.z15.usdc2.oraclecloud.com,host,CPU Utilization (%),16/08/2016 01:00:00,2.196,3.4,2.798
us2z15-bi-bius2087-pod1.bicloud.z15.usdc2.oraclecloud.com,host,CPU Utilization (%),16/08/2016 02:00:00,3.181,3.439,3.31
us2z15-bi-bius2087-pod1.bicloud.z15.usdc2.oraclecloud.com,host,CPU Utilization (%),16/08/2016 03:00:00,2.131,3.299,2.715
us2z15-bi-bius2087-pod1.bicloud.z15.usdc2.oraclecloud.com,host,CPU Utilization (%),16/08/2016 04:00:00,2.25,3.238,2.744
us2z15-bi-bius2087-pod1.bicloud.z15.usdc2.oraclecloud.com,host,CPU Utilization (%),16/08/2016 05:00:00,2.004,3.4,2.702
us2z15-bi-bius2087-pod1.bicloud.z15.usdc2.oraclecloud.com,host,CPU Utilization (%),16/08/2016 06:00:00,3.415,8.091,5.753
us2z15-bi-bius2087-pod1.bicloud.z15.usdc2.oraclecloud.com,host,CPU Utilization (%),16/08/2016 07:00:00,2.394,3.095,2.745
us2z15-bi-bius2087-pod1.bicloud.z15.usdc2.oraclecloud.com,host,CPU Utilization (%),16/08/2016 08:00:00,2.058,3.162,2.61
us2z15-bi-bius2087-pod1.bicloud.z15.usdc2.oraclecloud.com,host,CPU Utilization (%),16/08/2016 09:00:00,2.042,3.263,2.653
us2z15-bi-bius2087-pod1.bicloud.z15.usdc2.oraclecloud.com,host,CPU Utilization (%),16/08/2016 10:00:00,3.134,3.646,3.39
us2z15-bi-bius2087-pod1.bicloud.z15.usdc2.oraclecloud.com,host,CPU Utilization (%),16/08/2016 11:00:00,3.208,3.249,3.229
us2z15-bi-bius2087-pod1.bicloud.z15.usdc2.oraclecloud.com,host,CPU Utilization (%),16/08/2016 12:00:00,3.329,3.785,3.557
us2z15-bi-bius2087-pod1.bicloud.z15.usdc2.oraclecloud.com,host,CPU Utilization (%),16/08/2016 13:00:00,3.125,3.605,3.365
us2z15-bi-bius2087-pod1.bicloud.z15.usdc2.oraclecloud.com,host,CPU Utilization (%),16/08/2016 14:00:00,3.357,3.657,3.507
us2z15-bi-bius2087-pod1.bicloud.z15.usdc2.oraclecloud.com,host,CPU Utilization (%),16/08/2016 15:00:00,3.257,3.857,3.557
us2z15-bi-bius2087-pod1.bicloud.z15.usdc2.oraclecloud.com,host,CPU Utilization (%),16/08/2016 16:00:00,1.913,1.941,1.927
us2z15-bi-bius2087-pod1.bicloud.z15.usdc2.oraclecloud.com,host,CPU Utilization (%),16/08/2016 17:00:00,1.989,2.04,2.015
us2z15-bi-bius2087-pod1.bicloud.z15.usdc2.oraclecloud.com,host,CPU Utilization (%),16/08/2016 18:00:00,2.029,2.039,2.034
us2z15-bi-bius2087-pod1.bicloud.z15.usdc2.oraclecloud.com,host,CPU Utilization (%),16/08/2016 19:00:00,2.067,2.076,2.072
us2z15-bi-bius2087-pod1.bicloud.z15.usdc2.oraclecloud.com,host,CPU Utilization (%),16/08/2016 20:00:00,1.979,2.002,1.991
us2z15-bi-bius2087-pod1.bicloud.z15.usdc2.oraclecloud.com,host,CPU Utilization (%),16/08/2016 21:00:00,2.054,2.065,2.06
us2z15-bi-bius2087-pod1.bicloud.z15.usdc2.oraclecloud.com,host,CPU Utilization (%),16/08/2016 22:00:00,2.012,2.141,2.077
us2z15-bi-bius2087-pod1.bicloud.z15.usdc2.oraclecloud.com,host,CPU Utilization (%),16/08/2016 23:00:00,1.989,2.11,2.05
us2z15-bi-bius2087-pod1.bicloud.z15.usdc2.oraclecloud.com,host,All Network Interfaces Combined Utilization (%),16/08/2016 01:00:00,0,0,0
us2z15-bi-bius2087-pod1.bicloud.z15.usdc2.oraclecloud.com,host,All Network Interfaces Combined Utilization (%),16/08/2016 07:00:00,0,0,0
us2z15-bi-bius2087-pod1.bicloud.z15.usdc2.oraclecloud.com,host,All Network Interfaces Combined Utilization (%),16/08/2016 13:00:00,0,0,0
us2z15-bi-bius2087-pod1.bicloud.z15.usdc2.oraclecloud.com,host,All Network Interfaces Combined Utilization (%),16/08/2016 19:00:00,0,0,0
us2z15-bi-bius2087-pod1.bicloud.z15.usdc2.oraclecloud.com,host,All Network Interfaces Total I/O Rate (MB/sec),16/08/2016 01:00:00,0.014,0.014,0.014
us2z15-bi-bius2087-pod1.bicloud.z15.usdc2.oraclecloud.com,host,All Network Interfaces Total I/O Rate (MB/sec),16/08/2016 07:00:00,0.013,0.013,0.013
us2z15-bi-bius2087-pod1.bicloud.z15.usdc2.oraclecloud.com,host,All Network Interfaces Total I/O Rate (MB/sec),16/08/2016 13:00:00,0.037,0.037,0.037
us2z15-bi-bius2087-pod1.bicloud.z15.usdc2.oraclecloud.com,host,All Network Interfaces Total I/O Rate (MB/sec),16/08/2016 19:00:00,0.013,0.013,0.013
us2z15-bi-bius2087-pod1.bicloud.z15.usdc2.oraclecloud.com,host,Total Disk Utilized (%) (across all local filesystems),16/08/2016 00:00:00,9.783,9.799,9.791
us2z15-bi-bius2087-pod1.bicloud.z15.usdc2.oraclecloud.com,host,Total Disk Utilized (%) (across all local filesystems),16/08/2016 01:00:00,9.784,9.798,9.791
us2z15-bi-bius2087-pod1.bicloud.z15.usdc2.oraclecloud.com,host,Total Disk Utilized (%) (across all local filesystems),16/08/2016 02:00:00,9.784,9.801,9.792
us2z15-bi-bius2087-pod1.bicloud.z15.usdc2.oraclecloud.com,host,Total Disk Utilized (%) (across all local filesystems),16/08/2016 03:00:00,9.786,9.8,9.793
us2z15-bi-bius2087-pod1.bicloud.z15.usdc2.oraclecloud.com,host,Total Disk Utilized (%) (across all local filesystems),16/08/2016 04:00:00,9.786,9.8,9.794
us2z15-bi-bius2087-pod1.bicloud.z15.usdc2.oraclecloud.com,host,Total Disk Utilized (%) (across all local filesystems),16/08/2016 05:00:00,9.787,9.802,9.795
us2z15-bi-bius2087-pod1.bicloud.z15.usdc2.oraclecloud.com,host,Total Disk Utilized (%) (across all local filesystems),16/08/2016 06:00:00,9.788,9.847,9.806
us2z15-bi-bius2087-pod1.bicloud.z15.usdc2.oraclecloud.com,host,Total Disk Utilized (%) (across all local filesystems),16/08/2016 07:00:00,9.787,9.804,9.795
us2z15-bi-bius2087-pod1.bicloud.z15.usdc2.oraclecloud.com,host,Total Disk Utilized (%) (across all local filesystems),16/08/2016 08:00:00,9.787,9.802,9.795
us2z15-bi-bius2087-pod1.bicloud.z15.usdc2.oraclecloud.com,host,Total Disk Utilized (%) (across all local filesystems),16/08/2016 09:00:00,9.786,9.803,9.795
us2z15-bi-bius2087-pod1.bicloud.z15.usdc2.oraclecloud.com,host,Total Disk Utilized (%) (across all local filesystems),16/08/2016 10:00:00,9.789,9.803,9.796
us2z15-bi-bius2087-pod1.bicloud.z15.usdc2.oraclecloud.com,host,Total Disk Utilized (%) (across all local filesystems),16/08/2016 11:00:00,9.787,9.804,9.796
us2z15-bi-bius2087-pod1.bicloud.z15.usdc2.oraclecloud.com,host,Total Disk Utilized (%) (across all local filesystems),16/08/2016 12:00:00,9.789,9.804,9.797
us2z15-bi-bius2087-pod1.bicloud.z15.usdc2.oraclecloud.com,host,Total Disk Utilized (%) (across all local filesystems),16/08/2016 13:00:00,9.791,9.807,9.801
us2z15-bi-bius2087-pod1.bicloud.z15.usdc2.oraclecloud.com,host,Total Disk Utilized (%) (across all local filesystems),16/08/2016 14:00:00,9.805,9.821,9.812
us2z15-bi-bius2087-pod1.bicloud.z15.usdc2.oraclecloud.com,host,Total Disk Utilized (%) (across all local filesystems),16/08/2016 15:00:00,9.797,9.813,9.805
us2z15-bi-bius2087-pod1.bicloud.z15.usdc2.oraclecloud.com,host,Total Disk Utilized (%) (across all local filesystems),16/08/2016 16:00:00,9.799,9.814,9.806
us2z15-bi-bius2087-pod1.bicloud.z15.usdc2.oraclecloud.com,host,Total Disk Utilized (%) (across all local filesystems),16/08/2016 17:00:00,9.798,9.814,9.806
us2z15-bi-bius2087-pod1.bicloud.z15.usdc2.oraclecloud.com,host,Total Disk Utilized (%) (across all local filesystems),16/08/2016 18:00:00,9.799,9.814,9.807
us2z15-bi-bius2087-pod1.bicloud.z15.usdc2.oraclecloud.com,host,Total Disk Utilized (%) (across all local filesystems),16/08/2016 19:00:00,9.8,9.814,9.807
us2z15-bi-bius2087-pod1.bicloud.z15.usdc2.oraclecloud.com,host,Total Disk Utilized (%) (across all local filesystems),16/08/2016 20:00:00,9.801,9.816,9.809
us2z15-bi-bius2087-pod1.bicloud.z15.usdc2.oraclecloud.com,host,Total Disk Utilized (%) (across all local filesystems),16/08/2016 21:00:00,9.801,9.816,9.809
us2z15-bi-bius2087-pod1.bicloud.z15.usdc2.oraclecloud.com,host,Total Disk Utilized (%) (across all local filesystems),16/08/2016 22:00:00,9.802,9.817,9.81
us2z15-bi-bius2087-pod1.bicloud.z15.usdc2.oraclecloud.com,host,Total Disk Utilized (%) (across all local filesystems),16/08/2016 23:00:00,9.802,9.819,9.811
us2z15-bi-bius2087-pod1.bicloud.z15.usdc2.oraclecloud.com,host,Total Disk Utilized (%) (across all local filesystems),16/08/2016 23:00:00,9.802,9.819,9.811
