us2z15-bi-bius2074-pod1.bicloud.z15.usdc2.oraclecloud.com,host,Max Disk I/O (per sec) made by a single disk,16/08/2016 14:00:00,3.311,3.311,3.311
us2z15-bi-bius2074-pod1.bicloud.z15.usdc2.oraclecloud.com,host,Total Disk I/O made across all disks (per second),16/08/2016 14:00:00,11.617,11.617,11.617
us2z15-bi-bius2074-pod1.bicloud.z15.usdc2.oraclecloud.com,host,Memory Utilization (%),16/08/2016 00:00:00,53.179,53.218,53.194
us2z15-bi-bius2074-pod1.bicloud.z15.usdc2.oraclecloud.com,host,Memory Utilization (%),16/08/2016 01:00:00,53.185,53.4,53.24
us2z15-bi-bius2074-pod1.bicloud.z15.usdc2.oraclecloud.com,host,Memory Utilization (%),16/08/2016 02:00:00,53.216,53.279,53.241
us2z15-bi-bius2074-pod1.bicloud.z15.usdc2.oraclecloud.com,host,Memory Utilization (%),16/08/2016 03:00:00,53.191,53.244,53.22
us2z15-bi-bius2074-pod1.bicloud.z15.usdc2.oraclecloud.com,host,Memory Utilization (%),16/08/2016 04:00:00,53.187,53.326,53.226
us2z15-bi-bius2074-pod1.bicloud.z15.usdc2.oraclecloud.com,host,Memory Utilization (%),16/08/2016 05:00:00,53.192,53.224,53.203
us2z15-bi-bius2074-pod1.bicloud.z15.usdc2.oraclecloud.com,host,Memory Utilization (%),16/08/2016 06:00:00,53.211,55.509,54.66
us2z15-bi-bius2074-pod1.bicloud.z15.usdc2.oraclecloud.com,host,Memory Utilization (%),16/08/2016 07:00:00,54.436,55.303,54.688
us2z15-bi-bius2074-pod1.bicloud.z15.usdc2.oraclecloud.com,host,Memory Utilization (%),16/08/2016 08:00:00,53.619,54.303,53.918
us2z15-bi-bius2074-pod1.bicloud.z15.usdc2.oraclecloud.com,host,Memory Utilization (%),16/08/2016 09:00:00,53.156,53.485,53.201
us2z15-bi-bius2074-pod1.bicloud.z15.usdc2.oraclecloud.com,host,Memory Utilization (%),16/08/2016 10:00:00,53.162,53.291,53.21
us2z15-bi-bius2074-pod1.bicloud.z15.usdc2.oraclecloud.com,host,Memory Utilization (%),16/08/2016 11:00:00,53.079,53.538,53.264
us2z15-bi-bius2074-pod1.bicloud.z15.usdc2.oraclecloud.com,host,Memory Utilization (%),16/08/2016 12:00:00,52.991,53.352,53.134
us2z15-bi-bius2074-pod1.bicloud.z15.usdc2.oraclecloud.com,host,Memory Utilization (%),16/08/2016 13:00:00,52.974,53.188,53.064
us2z15-bi-bius2074-pod1.bicloud.z15.usdc2.oraclecloud.com,host,Memory Utilization (%),16/08/2016 14:00:00,53.129,55.174,53.615
us2z15-bi-bius2074-pod1.bicloud.z15.usdc2.oraclecloud.com,host,Memory Utilization (%),16/08/2016 15:00:00,54.632,55.229,54.989
us2z15-bi-bius2074-pod1.bicloud.z15.usdc2.oraclecloud.com,host,Memory Utilization (%),16/08/2016 16:00:00,53.213,54.889,54.057
us2z15-bi-bius2074-pod1.bicloud.z15.usdc2.oraclecloud.com,host,Memory Utilization (%),16/08/2016 17:00:00,54.571,55.651,55.207
us2z15-bi-bius2074-pod1.bicloud.z15.usdc2.oraclecloud.com,host,Memory Utilization (%),16/08/2016 18:00:00,53.725,54.525,54.102
us2z15-bi-bius2074-pod1.bicloud.z15.usdc2.oraclecloud.com,host,Memory Utilization (%),16/08/2016 19:00:00,53.539,53.707,53.581
us2z15-bi-bius2074-pod1.bicloud.z15.usdc2.oraclecloud.com,host,Memory Utilization (%),16/08/2016 20:00:00,53.485,53.619,53.553
us2z15-bi-bius2074-pod1.bicloud.z15.usdc2.oraclecloud.com,host,Memory Utilization (%),16/08/2016 21:00:00,53.341,53.496,53.405
us2z15-bi-bius2074-pod1.bicloud.z15.usdc2.oraclecloud.com,host,Memory Utilization (%),16/08/2016 22:00:00,53.407,53.642,53.481
us2z15-bi-bius2074-pod1.bicloud.z15.usdc2.oraclecloud.com,host,Memory Utilization (%),16/08/2016 23:00:00,53.339,53.736,53.461
us2z15-bi-bius2074-pod1.bicloud.z15.usdc2.oraclecloud.com,host,CPU Utilization (%),16/08/2016 00:00:00,1.985,5.023,3.063
us2z15-bi-bius2074-pod1.bicloud.z15.usdc2.oraclecloud.com,host,CPU Utilization (%),16/08/2016 01:00:00,1.84,4.633,2.801
us2z15-bi-bius2074-pod1.bicloud.z15.usdc2.oraclecloud.com,host,CPU Utilization (%),16/08/2016 02:00:00,1.816,3.815,2.303
us2z15-bi-bius2074-pod1.bicloud.z15.usdc2.oraclecloud.com,host,CPU Utilization (%),16/08/2016 03:00:00,1.759,3.85,2.308
us2z15-bi-bius2074-pod1.bicloud.z15.usdc2.oraclecloud.com,host,CPU Utilization (%),16/08/2016 04:00:00,1.77,3.76,2.328
us2z15-bi-bius2074-pod1.bicloud.z15.usdc2.oraclecloud.com,host,CPU Utilization (%),16/08/2016 05:00:00,1.78,3.72,2.61
us2z15-bi-bius2074-pod1.bicloud.z15.usdc2.oraclecloud.com,host,CPU Utilization (%),16/08/2016 06:00:00,2.138,4.689,3.306
us2z15-bi-bius2074-pod1.bicloud.z15.usdc2.oraclecloud.com,host,CPU Utilization (%),16/08/2016 07:00:00,2.119,4.374,3.132
us2z15-bi-bius2074-pod1.bicloud.z15.usdc2.oraclecloud.com,host,CPU Utilization (%),16/08/2016 08:00:00,2.198,4.57,3.109
us2z15-bi-bius2074-pod1.bicloud.z15.usdc2.oraclecloud.com,host,CPU Utilization (%),16/08/2016 09:00:00,2.278,4.31,3.184
us2z15-bi-bius2074-pod1.bicloud.z15.usdc2.oraclecloud.com,host,CPU Utilization (%),16/08/2016 10:00:00,1.954,4.562,3.193
us2z15-bi-bius2074-pod1.bicloud.z15.usdc2.oraclecloud.com,host,CPU Utilization (%),16/08/2016 11:00:00,2.08,7.229,3.79
us2z15-bi-bius2074-pod1.bicloud.z15.usdc2.oraclecloud.com,host,CPU Utilization (%),16/08/2016 12:00:00,2.156,3.944,2.932
us2z15-bi-bius2074-pod1.bicloud.z15.usdc2.oraclecloud.com,host,CPU Utilization (%),16/08/2016 13:00:00,2.147,3.787,2.903
us2z15-bi-bius2074-pod1.bicloud.z15.usdc2.oraclecloud.com,host,CPU Utilization (%),16/08/2016 14:00:00,2.119,4.073,3.065
us2z15-bi-bius2074-pod1.bicloud.z15.usdc2.oraclecloud.com,host,CPU Utilization (%),16/08/2016 15:00:00,1.993,3.816,3.022
us2z15-bi-bius2074-pod1.bicloud.z15.usdc2.oraclecloud.com,host,CPU Utilization (%),16/08/2016 16:00:00,1.733,5.683,3.454
us2z15-bi-bius2074-pod1.bicloud.z15.usdc2.oraclecloud.com,host,CPU Utilization (%),16/08/2016 17:00:00,2.194,12.956,4.934
us2z15-bi-bius2074-pod1.bicloud.z15.usdc2.oraclecloud.com,host,CPU Utilization (%),16/08/2016 18:00:00,2.091,3.656,2.713
us2z15-bi-bius2074-pod1.bicloud.z15.usdc2.oraclecloud.com,host,CPU Utilization (%),16/08/2016 19:00:00,2.084,3.251,2.652
us2z15-bi-bius2074-pod1.bicloud.z15.usdc2.oraclecloud.com,host,CPU Utilization (%),16/08/2016 20:00:00,2.002,3.702,2.762
us2z15-bi-bius2074-pod1.bicloud.z15.usdc2.oraclecloud.com,host,CPU Utilization (%),16/08/2016 21:00:00,2.035,4.94,2.855
us2z15-bi-bius2074-pod1.bicloud.z15.usdc2.oraclecloud.com,host,CPU Utilization (%),16/08/2016 22:00:00,1.761,3.849,2.543
us2z15-bi-bius2074-pod1.bicloud.z15.usdc2.oraclecloud.com,host,CPU Utilization (%),16/08/2016 23:00:00,1.966,3.372,2.475
us2z15-bi-bius2074-pod1.bicloud.z15.usdc2.oraclecloud.com,host,All Network Interfaces Combined Utilization (%),16/08/2016 00:00:00,0,0,0
us2z15-bi-bius2074-pod1.bicloud.z15.usdc2.oraclecloud.com,host,All Network Interfaces Combined Utilization (%),16/08/2016 01:00:00,0,0,0
us2z15-bi-bius2074-pod1.bicloud.z15.usdc2.oraclecloud.com,host,All Network Interfaces Combined Utilization (%),16/08/2016 02:00:00,0,0,0
us2z15-bi-bius2074-pod1.bicloud.z15.usdc2.oraclecloud.com,host,All Network Interfaces Combined Utilization (%),16/08/2016 03:00:00,0,0,0
us2z15-bi-bius2074-pod1.bicloud.z15.usdc2.oraclecloud.com,host,All Network Interfaces Combined Utilization (%),16/08/2016 04:00:00,0,0,0
us2z15-bi-bius2074-pod1.bicloud.z15.usdc2.oraclecloud.com,host,All Network Interfaces Combined Utilization (%),16/08/2016 05:00:00,0,0,0
us2z15-bi-bius2074-pod1.bicloud.z15.usdc2.oraclecloud.com,host,All Network Interfaces Combined Utilization (%),16/08/2016 06:00:00,0,0,0
us2z15-bi-bius2074-pod1.bicloud.z15.usdc2.oraclecloud.com,host,All Network Interfaces Combined Utilization (%),16/08/2016 07:00:00,0,0,0
us2z15-bi-bius2074-pod1.bicloud.z15.usdc2.oraclecloud.com,host,All Network Interfaces Combined Utilization (%),16/08/2016 08:00:00,0,0,0
us2z15-bi-bius2074-pod1.bicloud.z15.usdc2.oraclecloud.com,host,All Network Interfaces Combined Utilization (%),16/08/2016 09:00:00,0,0,0
us2z15-bi-bius2074-pod1.bicloud.z15.usdc2.oraclecloud.com,host,All Network Interfaces Combined Utilization (%),16/08/2016 10:00:00,0,0,0
us2z15-bi-bius2074-pod1.bicloud.z15.usdc2.oraclecloud.com,host,All Network Interfaces Combined Utilization (%),16/08/2016 11:00:00,0,0,0
us2z15-bi-bius2074-pod1.bicloud.z15.usdc2.oraclecloud.com,host,All Network Interfaces Combined Utilization (%),16/08/2016 12:00:00,0,0,0
us2z15-bi-bius2074-pod1.bicloud.z15.usdc2.oraclecloud.com,host,All Network Interfaces Combined Utilization (%),16/08/2016 13:00:00,0,0,0
us2z15-bi-bius2074-pod1.bicloud.z15.usdc2.oraclecloud.com,host,All Network Interfaces Combined Utilization (%),16/08/2016 14:00:00,0,0,0
us2z15-bi-bius2074-pod1.bicloud.z15.usdc2.oraclecloud.com,host,All Network Interfaces Combined Utilization (%),16/08/2016 15:00:00,0,0,0
us2z15-bi-bius2074-pod1.bicloud.z15.usdc2.oraclecloud.com,host,All Network Interfaces Combined Utilization (%),16/08/2016 16:00:00,0,0,0
us2z15-bi-bius2074-pod1.bicloud.z15.usdc2.oraclecloud.com,host,All Network Interfaces Combined Utilization (%),16/08/2016 17:00:00,0,0,0
us2z15-bi-bius2074-pod1.bicloud.z15.usdc2.oraclecloud.com,host,All Network Interfaces Combined Utilization (%),16/08/2016 18:00:00,0,0,0
us2z15-bi-bius2074-pod1.bicloud.z15.usdc2.oraclecloud.com,host,All Network Interfaces Combined Utilization (%),16/08/2016 19:00:00,0,0,0
us2z15-bi-bius2074-pod1.bicloud.z15.usdc2.oraclecloud.com,host,All Network Interfaces Combined Utilization (%),16/08/2016 20:00:00,0,0,0
us2z15-bi-bius2074-pod1.bicloud.z15.usdc2.oraclecloud.com,host,All Network Interfaces Combined Utilization (%),16/08/2016 21:00:00,0,0,0
us2z15-bi-bius2074-pod1.bicloud.z15.usdc2.oraclecloud.com,host,All Network Interfaces Combined Utilization (%),16/08/2016 22:00:00,0,0,0
us2z15-bi-bius2074-pod1.bicloud.z15.usdc2.oraclecloud.com,host,All Network Interfaces Combined Utilization (%),16/08/2016 23:00:00,0,0,0
us2z15-bi-bius2074-pod1.bicloud.z15.usdc2.oraclecloud.com,host,All Network Interfaces Total I/O Rate (MB/sec),16/08/2016 00:00:00,0.009,0.358,0.131
us2z15-bi-bius2074-pod1.bicloud.z15.usdc2.oraclecloud.com,host,All Network Interfaces Total I/O Rate (MB/sec),16/08/2016 01:00:00,0.01,0.341,0.123
us2z15-bi-bius2074-pod1.bicloud.z15.usdc2.oraclecloud.com,host,All Network Interfaces Total I/O Rate (MB/sec),16/08/2016 02:00:00,0.003,0.324,0.113
us2z15-bi-bius2074-pod1.bicloud.z15.usdc2.oraclecloud.com,host,All Network Interfaces Total I/O Rate (MB/sec),16/08/2016 03:00:00,0.003,0.32,0.112
us2z15-bi-bius2074-pod1.bicloud.z15.usdc2.oraclecloud.com,host,All Network Interfaces Total I/O Rate (MB/sec),16/08/2016 04:00:00,0.003,0.321,0.112
us2z15-bi-bius2074-pod1.bicloud.z15.usdc2.oraclecloud.com,host,All Network Interfaces Total I/O Rate (MB/sec),16/08/2016 05:00:00,0.006,0.318,0.115
us2z15-bi-bius2074-pod1.bicloud.z15.usdc2.oraclecloud.com,host,All Network Interfaces Total I/O Rate (MB/sec),16/08/2016 06:00:00,0.025,0.357,0.147
us2z15-bi-bius2074-pod1.bicloud.z15.usdc2.oraclecloud.com,host,All Network Interfaces Total I/O Rate (MB/sec),16/08/2016 07:00:00,0.038,0.338,0.143
us2z15-bi-bius2074-pod1.bicloud.z15.usdc2.oraclecloud.com,host,All Network Interfaces Total I/O Rate (MB/sec),16/08/2016 08:00:00,0.003,0.355,0.135
us2z15-bi-bius2074-pod1.bicloud.z15.usdc2.oraclecloud.com,host,All Network Interfaces Total I/O Rate (MB/sec),16/08/2016 09:00:00,0.011,0.322,0.124
us2z15-bi-bius2074-pod1.bicloud.z15.usdc2.oraclecloud.com,host,All Network Interfaces Total I/O Rate (MB/sec),16/08/2016 10:00:00,0.02,0.331,0.131
us2z15-bi-bius2074-pod1.bicloud.z15.usdc2.oraclecloud.com,host,All Network Interfaces Total I/O Rate (MB/sec),16/08/2016 11:00:00,0.121,0.788,0.415
us2z15-bi-bius2074-pod1.bicloud.z15.usdc2.oraclecloud.com,host,All Network Interfaces Total I/O Rate (MB/sec),16/08/2016 12:00:00,0.01,0.038,0.023
us2z15-bi-bius2074-pod1.bicloud.z15.usdc2.oraclecloud.com,host,All Network Interfaces Total I/O Rate (MB/sec),16/08/2016 13:00:00,0.011,0.052,0.023
us2z15-bi-bius2074-pod1.bicloud.z15.usdc2.oraclecloud.com,host,All Network Interfaces Total I/O Rate (MB/sec),16/08/2016 14:00:00,0.013,0.042,0.024
us2z15-bi-bius2074-pod1.bicloud.z15.usdc2.oraclecloud.com,host,All Network Interfaces Total I/O Rate (MB/sec),16/08/2016 15:00:00,0.007,0.029,0.02
us2z15-bi-bius2074-pod1.bicloud.z15.usdc2.oraclecloud.com,host,All Network Interfaces Total I/O Rate (MB/sec),16/08/2016 16:00:00,0.022,0.071,0.044
us2z15-bi-bius2074-pod1.bicloud.z15.usdc2.oraclecloud.com,host,All Network Interfaces Total I/O Rate (MB/sec),16/08/2016 17:00:00,0.041,0.061,0.053
us2z15-bi-bius2074-pod1.bicloud.z15.usdc2.oraclecloud.com,host,All Network Interfaces Total I/O Rate (MB/sec),16/08/2016 18:00:00,0.013,1.323,0.345
us2z15-bi-bius2074-pod1.bicloud.z15.usdc2.oraclecloud.com,host,All Network Interfaces Total I/O Rate (MB/sec),16/08/2016 19:00:00,0.01,0.023,0.016
us2z15-bi-bius2074-pod1.bicloud.z15.usdc2.oraclecloud.com,host,All Network Interfaces Total I/O Rate (MB/sec),16/08/2016 20:00:00,0.003,0.175,0.065
us2z15-bi-bius2074-pod1.bicloud.z15.usdc2.oraclecloud.com,host,All Network Interfaces Total I/O Rate (MB/sec),16/08/2016 21:00:00,0.004,0.034,0.019
us2z15-bi-bius2074-pod1.bicloud.z15.usdc2.oraclecloud.com,host,All Network Interfaces Total I/O Rate (MB/sec),16/08/2016 22:00:00,0.003,0.018,0.01
us2z15-bi-bius2074-pod1.bicloud.z15.usdc2.oraclecloud.com,host,All Network Interfaces Total I/O Rate (MB/sec),16/08/2016 23:00:00,0.006,0.015,0.01
us2z15-bi-bius2074-pod1.bicloud.z15.usdc2.oraclecloud.com,host,Total Disk Utilized (%) (across all local filesystems),16/08/2016 00:00:00,9.834,9.834,9.834
us2z15-bi-bius2074-pod1.bicloud.z15.usdc2.oraclecloud.com,host,Total Disk Utilized (%) (across all local filesystems),16/08/2016 01:00:00,9.836,9.838,9.837
us2z15-bi-bius2074-pod1.bicloud.z15.usdc2.oraclecloud.com,host,Total Disk Utilized (%) (across all local filesystems),16/08/2016 02:00:00,9.837,9.838,9.838
us2z15-bi-bius2074-pod1.bicloud.z15.usdc2.oraclecloud.com,host,Total Disk Utilized (%) (across all local filesystems),16/08/2016 03:00:00,9.838,9.839,9.839
us2z15-bi-bius2074-pod1.bicloud.z15.usdc2.oraclecloud.com,host,Total Disk Utilized (%) (across all local filesystems),16/08/2016 04:00:00,9.839,9.84,9.84
us2z15-bi-bius2074-pod1.bicloud.z15.usdc2.oraclecloud.com,host,Total Disk Utilized (%) (across all local filesystems),16/08/2016 05:00:00,9.84,9.84,9.84
us2z15-bi-bius2074-pod1.bicloud.z15.usdc2.oraclecloud.com,host,Total Disk Utilized (%) (across all local filesystems),16/08/2016 06:00:00,9.842,9.844,9.843
us2z15-bi-bius2074-pod1.bicloud.z15.usdc2.oraclecloud.com,host,Total Disk Utilized (%) (across all local filesystems),16/08/2016 07:00:00,9.84,9.844,9.841
us2z15-bi-bius2074-pod1.bicloud.z15.usdc2.oraclecloud.com,host,Total Disk Utilized (%) (across all local filesystems),16/08/2016 08:00:00,9.841,9.842,9.842
us2z15-bi-bius2074-pod1.bicloud.z15.usdc2.oraclecloud.com,host,Total Disk Utilized (%) (across all local filesystems),16/08/2016 09:00:00,9.842,9.843,9.842
us2z15-bi-bius2074-pod1.bicloud.z15.usdc2.oraclecloud.com,host,Total Disk Utilized (%) (across all local filesystems),16/08/2016 10:00:00,9.844,9.844,9.844
us2z15-bi-bius2074-pod1.bicloud.z15.usdc2.oraclecloud.com,host,Total Disk Utilized (%) (across all local filesystems),16/08/2016 11:00:00,9.824,9.845,9.839
us2z15-bi-bius2074-pod1.bicloud.z15.usdc2.oraclecloud.com,host,Total Disk Utilized (%) (across all local filesystems),16/08/2016 12:00:00,9.825,9.826,9.826
us2z15-bi-bius2074-pod1.bicloud.z15.usdc2.oraclecloud.com,host,Total Disk Utilized (%) (across all local filesystems),16/08/2016 13:00:00,9.826,9.828,9.827
us2z15-bi-bius2074-pod1.bicloud.z15.usdc2.oraclecloud.com,host,Total Disk Utilized (%) (across all local filesystems),16/08/2016 14:00:00,9.83,9.831,9.83
us2z15-bi-bius2074-pod1.bicloud.z15.usdc2.oraclecloud.com,host,Total Disk Utilized (%) (across all local filesystems),16/08/2016 15:00:00,9.831,9.835,9.834
us2z15-bi-bius2074-pod1.bicloud.z15.usdc2.oraclecloud.com,host,Total Disk Utilized (%) (across all local filesystems),16/08/2016 16:00:00,9.836,9.838,9.837
us2z15-bi-bius2074-pod1.bicloud.z15.usdc2.oraclecloud.com,host,Total Disk Utilized (%) (across all local filesystems),16/08/2016 17:00:00,9.84,9.947,9.894
us2z15-bi-bius2074-pod1.bicloud.z15.usdc2.oraclecloud.com,host,Total Disk Utilized (%) (across all local filesystems),16/08/2016 18:00:00,9.84,9.842,9.841
us2z15-bi-bius2074-pod1.bicloud.z15.usdc2.oraclecloud.com,host,Total Disk Utilized (%) (across all local filesystems),16/08/2016 19:00:00,9.842,9.843,9.842
us2z15-bi-bius2074-pod1.bicloud.z15.usdc2.oraclecloud.com,host,Total Disk Utilized (%) (across all local filesystems),16/08/2016 20:00:00,9.843,9.847,9.845
us2z15-bi-bius2074-pod1.bicloud.z15.usdc2.oraclecloud.com,host,Total Disk Utilized (%) (across all local filesystems),16/08/2016 21:00:00,9.841,9.847,9.843
us2z15-bi-bius2074-pod1.bicloud.z15.usdc2.oraclecloud.com,host,Total Disk Utilized (%) (across all local filesystems),16/08/2016 22:00:00,9.842,9.845,9.844
us2z15-bi-bius2074-pod1.bicloud.z15.usdc2.oraclecloud.com,host,Total Disk Utilized (%) (across all local filesystems),16/08/2016 23:00:00,9.845,9.846,9.846
us2z15-bi-bius2074-pod1.bicloud.z15.usdc2.oraclecloud.com,host,Total Disk Utilized (%) (across all local filesystems),16/08/2016 23:00:00,9.845,9.846,9.846
