us2z14-bi-bius2070-pod1.bicloud.z14.usdc2.oraclecloud.com,host,Max Disk I/O (per sec) made by a single disk,16/08/2016 10:00:00,3.755,3.755,3.755
us2z14-bi-bius2070-pod1.bicloud.z14.usdc2.oraclecloud.com,host,Total Disk I/O made across all disks (per second),16/08/2016 10:00:00,11.962,11.962,11.962
us2z14-bi-bius2070-pod1.bicloud.z14.usdc2.oraclecloud.com,host,Memory Utilization (%),16/08/2016 00:00:00,58.519,59.624,58.968
us2z14-bi-bius2070-pod1.bicloud.z14.usdc2.oraclecloud.com,host,Memory Utilization (%),16/08/2016 01:00:00,58.398,59.259,58.889
us2z14-bi-bius2070-pod1.bicloud.z14.usdc2.oraclecloud.com,host,Memory Utilization (%),16/08/2016 02:00:00,58.418,59.409,58.843
us2z14-bi-bius2070-pod1.bicloud.z14.usdc2.oraclecloud.com,host,Memory Utilization (%),16/08/2016 03:00:00,58.573,59.309,58.956
us2z14-bi-bius2070-pod1.bicloud.z14.usdc2.oraclecloud.com,host,Memory Utilization (%),16/08/2016 04:00:00,58.502,59.428,58.979
us2z14-bi-bius2070-pod1.bicloud.z14.usdc2.oraclecloud.com,host,Memory Utilization (%),16/08/2016 05:00:00,58.544,59.466,59.087
us2z14-bi-bius2070-pod1.bicloud.z14.usdc2.oraclecloud.com,host,Memory Utilization (%),16/08/2016 06:00:00,58.523,59.389,58.904
us2z14-bi-bius2070-pod1.bicloud.z14.usdc2.oraclecloud.com,host,Memory Utilization (%),16/08/2016 07:00:00,58.221,59.278,58.908
us2z14-bi-bius2070-pod1.bicloud.z14.usdc2.oraclecloud.com,host,Memory Utilization (%),16/08/2016 08:00:00,58.549,59.319,58.983
us2z14-bi-bius2070-pod1.bicloud.z14.usdc2.oraclecloud.com,host,Memory Utilization (%),16/08/2016 09:00:00,57.976,59.182,58.887
us2z14-bi-bius2070-pod1.bicloud.z14.usdc2.oraclecloud.com,host,Memory Utilization (%),16/08/2016 10:00:00,58.766,59.607,59.368
us2z14-bi-bius2070-pod1.bicloud.z14.usdc2.oraclecloud.com,host,Memory Utilization (%),16/08/2016 11:00:00,58.787,59.583,59.344
us2z14-bi-bius2070-pod1.bicloud.z14.usdc2.oraclecloud.com,host,Memory Utilization (%),16/08/2016 12:00:00,58.636,59.766,59.236
us2z14-bi-bius2070-pod1.bicloud.z14.usdc2.oraclecloud.com,host,Memory Utilization (%),16/08/2016 13:00:00,58.735,59.924,59.427
us2z14-bi-bius2070-pod1.bicloud.z14.usdc2.oraclecloud.com,host,Memory Utilization (%),16/08/2016 14:00:00,58.894,59.678,59.383
us2z14-bi-bius2070-pod1.bicloud.z14.usdc2.oraclecloud.com,host,Memory Utilization (%),16/08/2016 15:00:00,58.563,59.742,59.243
us2z14-bi-bius2070-pod1.bicloud.z14.usdc2.oraclecloud.com,host,Memory Utilization (%),16/08/2016 16:00:00,58.889,60.868,59.636
us2z14-bi-bius2070-pod1.bicloud.z14.usdc2.oraclecloud.com,host,Memory Utilization (%),16/08/2016 17:00:00,58.861,59.962,59.49
us2z14-bi-bius2070-pod1.bicloud.z14.usdc2.oraclecloud.com,host,Memory Utilization (%),16/08/2016 18:00:00,58.819,59.919,59.39
us2z14-bi-bius2070-pod1.bicloud.z14.usdc2.oraclecloud.com,host,Memory Utilization (%),16/08/2016 19:00:00,58.728,59.709,59.335
us2z14-bi-bius2070-pod1.bicloud.z14.usdc2.oraclecloud.com,host,Memory Utilization (%),16/08/2016 20:00:00,59.028,59.904,59.509
us2z14-bi-bius2070-pod1.bicloud.z14.usdc2.oraclecloud.com,host,Memory Utilization (%),16/08/2016 21:00:00,58.859,59.83,59.504
us2z14-bi-bius2070-pod1.bicloud.z14.usdc2.oraclecloud.com,host,Memory Utilization (%),16/08/2016 22:00:00,58.906,59.897,59.5
us2z14-bi-bius2070-pod1.bicloud.z14.usdc2.oraclecloud.com,host,Memory Utilization (%),16/08/2016 23:00:00,58.848,59.91,59.461
us2z14-bi-bius2070-pod1.bicloud.z14.usdc2.oraclecloud.com,host,CPU Utilization (%),16/08/2016 00:00:00,4.246,12.891,8.808
us2z14-bi-bius2070-pod1.bicloud.z14.usdc2.oraclecloud.com,host,CPU Utilization (%),16/08/2016 01:00:00,4.902,12.742,9.019
us2z14-bi-bius2070-pod1.bicloud.z14.usdc2.oraclecloud.com,host,CPU Utilization (%),16/08/2016 02:00:00,4.363,12.639,8.904
us2z14-bi-bius2070-pod1.bicloud.z14.usdc2.oraclecloud.com,host,CPU Utilization (%),16/08/2016 03:00:00,4.394,12.862,9.205
us2z14-bi-bius2070-pod1.bicloud.z14.usdc2.oraclecloud.com,host,CPU Utilization (%),16/08/2016 04:00:00,4.654,12.733,8.931
us2z14-bi-bius2070-pod1.bicloud.z14.usdc2.oraclecloud.com,host,CPU Utilization (%),16/08/2016 05:00:00,4.404,12.461,9.504
us2z14-bi-bius2070-pod1.bicloud.z14.usdc2.oraclecloud.com,host,CPU Utilization (%),16/08/2016 06:00:00,4.498,12.466,8.88
us2z14-bi-bius2070-pod1.bicloud.z14.usdc2.oraclecloud.com,host,CPU Utilization (%),16/08/2016 07:00:00,3.765,12.775,9.145
us2z14-bi-bius2070-pod1.bicloud.z14.usdc2.oraclecloud.com,host,CPU Utilization (%),16/08/2016 08:00:00,4.151,12.443,9.056
us2z14-bi-bius2070-pod1.bicloud.z14.usdc2.oraclecloud.com,host,CPU Utilization (%),16/08/2016 09:00:00,4.01,12.524,9.224
us2z14-bi-bius2070-pod1.bicloud.z14.usdc2.oraclecloud.com,host,CPU Utilization (%),16/08/2016 10:00:00,13.932,18.173,16.081
us2z14-bi-bius2070-pod1.bicloud.z14.usdc2.oraclecloud.com,host,CPU Utilization (%),16/08/2016 11:00:00,5.614,16.233,10.406
us2z14-bi-bius2070-pod1.bicloud.z14.usdc2.oraclecloud.com,host,CPU Utilization (%),16/08/2016 12:00:00,4.495,13.009,9.115
us2z14-bi-bius2070-pod1.bicloud.z14.usdc2.oraclecloud.com,host,CPU Utilization (%),16/08/2016 13:00:00,4.573,12.519,9.303
us2z14-bi-bius2070-pod1.bicloud.z14.usdc2.oraclecloud.com,host,CPU Utilization (%),16/08/2016 14:00:00,4.544,13.017,9.319
us2z14-bi-bius2070-pod1.bicloud.z14.usdc2.oraclecloud.com,host,CPU Utilization (%),16/08/2016 15:00:00,4.715,12.668,9.431
us2z14-bi-bius2070-pod1.bicloud.z14.usdc2.oraclecloud.com,host,CPU Utilization (%),16/08/2016 16:00:00,4.53,22.269,10.416
us2z14-bi-bius2070-pod1.bicloud.z14.usdc2.oraclecloud.com,host,CPU Utilization (%),16/08/2016 17:00:00,5.677,12.886,9.54
us2z14-bi-bius2070-pod1.bicloud.z14.usdc2.oraclecloud.com,host,CPU Utilization (%),16/08/2016 18:00:00,4.971,12.788,9.287
us2z14-bi-bius2070-pod1.bicloud.z14.usdc2.oraclecloud.com,host,CPU Utilization (%),16/08/2016 19:00:00,4.236,12.831,9.503
us2z14-bi-bius2070-pod1.bicloud.z14.usdc2.oraclecloud.com,host,CPU Utilization (%),16/08/2016 20:00:00,4.758,13.439,9.532
us2z14-bi-bius2070-pod1.bicloud.z14.usdc2.oraclecloud.com,host,CPU Utilization (%),16/08/2016 21:00:00,4.994,13.134,9.667
us2z14-bi-bius2070-pod1.bicloud.z14.usdc2.oraclecloud.com,host,CPU Utilization (%),16/08/2016 22:00:00,4.919,12.915,9.56
us2z14-bi-bius2070-pod1.bicloud.z14.usdc2.oraclecloud.com,host,CPU Utilization (%),16/08/2016 23:00:00,4.784,13.224,9.556
us2z14-bi-bius2070-pod1.bicloud.z14.usdc2.oraclecloud.com,host,All Network Interfaces Combined Utilization (%),16/08/2016 00:00:00,0,0,0
us2z14-bi-bius2070-pod1.bicloud.z14.usdc2.oraclecloud.com,host,All Network Interfaces Combined Utilization (%),16/08/2016 01:00:00,0,0,0
us2z14-bi-bius2070-pod1.bicloud.z14.usdc2.oraclecloud.com,host,All Network Interfaces Combined Utilization (%),16/08/2016 02:00:00,0,0,0
us2z14-bi-bius2070-pod1.bicloud.z14.usdc2.oraclecloud.com,host,All Network Interfaces Combined Utilization (%),16/08/2016 03:00:00,0,0,0
us2z14-bi-bius2070-pod1.bicloud.z14.usdc2.oraclecloud.com,host,All Network Interfaces Combined Utilization (%),16/08/2016 04:00:00,0,0,0
us2z14-bi-bius2070-pod1.bicloud.z14.usdc2.oraclecloud.com,host,All Network Interfaces Combined Utilization (%),16/08/2016 05:00:00,0,0,0
us2z14-bi-bius2070-pod1.bicloud.z14.usdc2.oraclecloud.com,host,All Network Interfaces Combined Utilization (%),16/08/2016 06:00:00,0,0,0
us2z14-bi-bius2070-pod1.bicloud.z14.usdc2.oraclecloud.com,host,All Network Interfaces Combined Utilization (%),16/08/2016 07:00:00,0,0,0
us2z14-bi-bius2070-pod1.bicloud.z14.usdc2.oraclecloud.com,host,All Network Interfaces Combined Utilization (%),16/08/2016 08:00:00,0,0,0
us2z14-bi-bius2070-pod1.bicloud.z14.usdc2.oraclecloud.com,host,All Network Interfaces Combined Utilization (%),16/08/2016 09:00:00,0,0,0
us2z14-bi-bius2070-pod1.bicloud.z14.usdc2.oraclecloud.com,host,All Network Interfaces Combined Utilization (%),16/08/2016 10:00:00,0,0,0
us2z14-bi-bius2070-pod1.bicloud.z14.usdc2.oraclecloud.com,host,All Network Interfaces Combined Utilization (%),16/08/2016 11:00:00,0,0,0
us2z14-bi-bius2070-pod1.bicloud.z14.usdc2.oraclecloud.com,host,All Network Interfaces Combined Utilization (%),16/08/2016 12:00:00,0,0,0
us2z14-bi-bius2070-pod1.bicloud.z14.usdc2.oraclecloud.com,host,All Network Interfaces Combined Utilization (%),16/08/2016 13:00:00,0,0,0
us2z14-bi-bius2070-pod1.bicloud.z14.usdc2.oraclecloud.com,host,All Network Interfaces Combined Utilization (%),16/08/2016 14:00:00,0,0,0
us2z14-bi-bius2070-pod1.bicloud.z14.usdc2.oraclecloud.com,host,All Network Interfaces Combined Utilization (%),16/08/2016 15:00:00,0,0,0
us2z14-bi-bius2070-pod1.bicloud.z14.usdc2.oraclecloud.com,host,All Network Interfaces Combined Utilization (%),16/08/2016 16:00:00,0,0,0
us2z14-bi-bius2070-pod1.bicloud.z14.usdc2.oraclecloud.com,host,All Network Interfaces Combined Utilization (%),16/08/2016 17:00:00,0,0,0
us2z14-bi-bius2070-pod1.bicloud.z14.usdc2.oraclecloud.com,host,All Network Interfaces Combined Utilization (%),16/08/2016 18:00:00,0,0,0
us2z14-bi-bius2070-pod1.bicloud.z14.usdc2.oraclecloud.com,host,All Network Interfaces Combined Utilization (%),16/08/2016 19:00:00,0,0,0
us2z14-bi-bius2070-pod1.bicloud.z14.usdc2.oraclecloud.com,host,All Network Interfaces Combined Utilization (%),16/08/2016 20:00:00,0,0,0
us2z14-bi-bius2070-pod1.bicloud.z14.usdc2.oraclecloud.com,host,All Network Interfaces Combined Utilization (%),16/08/2016 21:00:00,0,0,0
us2z14-bi-bius2070-pod1.bicloud.z14.usdc2.oraclecloud.com,host,All Network Interfaces Combined Utilization (%),16/08/2016 22:00:00,0,0,0
us2z14-bi-bius2070-pod1.bicloud.z14.usdc2.oraclecloud.com,host,All Network Interfaces Combined Utilization (%),16/08/2016 23:00:00,0,0,0
us2z14-bi-bius2070-pod1.bicloud.z14.usdc2.oraclecloud.com,host,All Network Interfaces Total I/O Rate (MB/sec),16/08/2016 00:00:00,0.356,0.613,0.47
us2z14-bi-bius2070-pod1.bicloud.z14.usdc2.oraclecloud.com,host,All Network Interfaces Total I/O Rate (MB/sec),16/08/2016 01:00:00,0.357,0.586,0.48
us2z14-bi-bius2070-pod1.bicloud.z14.usdc2.oraclecloud.com,host,All Network Interfaces Total I/O Rate (MB/sec),16/08/2016 02:00:00,0.331,0.615,0.466
us2z14-bi-bius2070-pod1.bicloud.z14.usdc2.oraclecloud.com,host,All Network Interfaces Total I/O Rate (MB/sec),16/08/2016 03:00:00,0.344,0.607,0.483
us2z14-bi-bius2070-pod1.bicloud.z14.usdc2.oraclecloud.com,host,All Network Interfaces Total I/O Rate (MB/sec),16/08/2016 04:00:00,0.347,0.608,0.464
us2z14-bi-bius2070-pod1.bicloud.z14.usdc2.oraclecloud.com,host,All Network Interfaces Total I/O Rate (MB/sec),16/08/2016 05:00:00,0.358,0.898,0.596
us2z14-bi-bius2070-pod1.bicloud.z14.usdc2.oraclecloud.com,host,All Network Interfaces Total I/O Rate (MB/sec),16/08/2016 06:00:00,0.334,0.628,0.462
us2z14-bi-bius2070-pod1.bicloud.z14.usdc2.oraclecloud.com,host,All Network Interfaces Total I/O Rate (MB/sec),16/08/2016 07:00:00,0.357,0.673,0.492
us2z14-bi-bius2070-pod1.bicloud.z14.usdc2.oraclecloud.com,host,All Network Interfaces Total I/O Rate (MB/sec),16/08/2016 08:00:00,0.374,0.674,0.514
us2z14-bi-bius2070-pod1.bicloud.z14.usdc2.oraclecloud.com,host,All Network Interfaces Total I/O Rate (MB/sec),16/08/2016 09:00:00,0.404,0.658,0.525
us2z14-bi-bius2070-pod1.bicloud.z14.usdc2.oraclecloud.com,host,All Network Interfaces Total I/O Rate (MB/sec),16/08/2016 10:00:00,0.394,1.062,0.788
us2z14-bi-bius2070-pod1.bicloud.z14.usdc2.oraclecloud.com,host,All Network Interfaces Total I/O Rate (MB/sec),16/08/2016 11:00:00,0.591,0.827,0.664
us2z14-bi-bius2070-pod1.bicloud.z14.usdc2.oraclecloud.com,host,All Network Interfaces Total I/O Rate (MB/sec),16/08/2016 12:00:00,0.414,0.59,0.499
us2z14-bi-bius2070-pod1.bicloud.z14.usdc2.oraclecloud.com,host,All Network Interfaces Total I/O Rate (MB/sec),16/08/2016 13:00:00,0.363,0.637,0.481
us2z14-bi-bius2070-pod1.bicloud.z14.usdc2.oraclecloud.com,host,All Network Interfaces Total I/O Rate (MB/sec),16/08/2016 14:00:00,0.336,0.638,0.465
us2z14-bi-bius2070-pod1.bicloud.z14.usdc2.oraclecloud.com,host,All Network Interfaces Total I/O Rate (MB/sec),16/08/2016 15:00:00,0.36,0.664,0.479
us2z14-bi-bius2070-pod1.bicloud.z14.usdc2.oraclecloud.com,host,All Network Interfaces Total I/O Rate (MB/sec),16/08/2016 16:00:00,0.326,0.655,0.469
us2z14-bi-bius2070-pod1.bicloud.z14.usdc2.oraclecloud.com,host,All Network Interfaces Total I/O Rate (MB/sec),16/08/2016 17:00:00,0.364,1.842,0.866
us2z14-bi-bius2070-pod1.bicloud.z14.usdc2.oraclecloud.com,host,All Network Interfaces Total I/O Rate (MB/sec),16/08/2016 18:00:00,0.339,0.634,0.461
us2z14-bi-bius2070-pod1.bicloud.z14.usdc2.oraclecloud.com,host,All Network Interfaces Total I/O Rate (MB/sec),16/08/2016 19:00:00,0.368,0.661,0.481
us2z14-bi-bius2070-pod1.bicloud.z14.usdc2.oraclecloud.com,host,All Network Interfaces Total I/O Rate (MB/sec),16/08/2016 20:00:00,0.333,0.65,0.464
us2z14-bi-bius2070-pod1.bicloud.z14.usdc2.oraclecloud.com,host,All Network Interfaces Total I/O Rate (MB/sec),16/08/2016 21:00:00,0.376,0.618,0.486
us2z14-bi-bius2070-pod1.bicloud.z14.usdc2.oraclecloud.com,host,All Network Interfaces Total I/O Rate (MB/sec),16/08/2016 22:00:00,0.337,0.662,0.468
us2z14-bi-bius2070-pod1.bicloud.z14.usdc2.oraclecloud.com,host,All Network Interfaces Total I/O Rate (MB/sec),16/08/2016 23:00:00,0.36,0.635,0.478
us2z14-bi-bius2070-pod1.bicloud.z14.usdc2.oraclecloud.com,host,Total Disk Utilized (%) (across all local filesystems),16/08/2016 00:00:00,10.539,10.555,10.547
us2z14-bi-bius2070-pod1.bicloud.z14.usdc2.oraclecloud.com,host,Total Disk Utilized (%) (across all local filesystems),16/08/2016 01:00:00,10.537,10.555,10.546
us2z14-bi-bius2070-pod1.bicloud.z14.usdc2.oraclecloud.com,host,Total Disk Utilized (%) (across all local filesystems),16/08/2016 02:00:00,10.538,10.554,10.546
us2z14-bi-bius2070-pod1.bicloud.z14.usdc2.oraclecloud.com,host,Total Disk Utilized (%) (across all local filesystems),16/08/2016 03:00:00,10.538,10.554,10.546
us2z14-bi-bius2070-pod1.bicloud.z14.usdc2.oraclecloud.com,host,Total Disk Utilized (%) (across all local filesystems),16/08/2016 04:00:00,10.539,10.555,10.547
us2z14-bi-bius2070-pod1.bicloud.z14.usdc2.oraclecloud.com,host,Total Disk Utilized (%) (across all local filesystems),16/08/2016 05:00:00,10.539,10.556,10.547
us2z14-bi-bius2070-pod1.bicloud.z14.usdc2.oraclecloud.com,host,Total Disk Utilized (%) (across all local filesystems),16/08/2016 06:00:00,10.54,10.554,10.547
us2z14-bi-bius2070-pod1.bicloud.z14.usdc2.oraclecloud.com,host,Total Disk Utilized (%) (across all local filesystems),16/08/2016 07:00:00,10.541,10.555,10.548
us2z14-bi-bius2070-pod1.bicloud.z14.usdc2.oraclecloud.com,host,Total Disk Utilized (%) (across all local filesystems),16/08/2016 08:00:00,10.542,10.557,10.55
us2z14-bi-bius2070-pod1.bicloud.z14.usdc2.oraclecloud.com,host,Total Disk Utilized (%) (across all local filesystems),16/08/2016 09:00:00,10.542,10.558,10.55
us2z14-bi-bius2070-pod1.bicloud.z14.usdc2.oraclecloud.com,host,Total Disk Utilized (%) (across all local filesystems),16/08/2016 10:00:00,10.546,10.562,10.553
us2z14-bi-bius2070-pod1.bicloud.z14.usdc2.oraclecloud.com,host,Total Disk Utilized (%) (across all local filesystems),16/08/2016 11:00:00,10.548,10.565,10.556
us2z14-bi-bius2070-pod1.bicloud.z14.usdc2.oraclecloud.com,host,Total Disk Utilized (%) (across all local filesystems),16/08/2016 12:00:00,10.545,10.564,10.555
us2z14-bi-bius2070-pod1.bicloud.z14.usdc2.oraclecloud.com,host,Total Disk Utilized (%) (across all local filesystems),16/08/2016 13:00:00,10.546,10.562,10.554
us2z14-bi-bius2070-pod1.bicloud.z14.usdc2.oraclecloud.com,host,Total Disk Utilized (%) (across all local filesystems),16/08/2016 14:00:00,10.546,10.562,10.555
us2z14-bi-bius2070-pod1.bicloud.z14.usdc2.oraclecloud.com,host,Total Disk Utilized (%) (across all local filesystems),16/08/2016 15:00:00,10.549,10.565,10.557
us2z14-bi-bius2070-pod1.bicloud.z14.usdc2.oraclecloud.com,host,Total Disk Utilized (%) (across all local filesystems),16/08/2016 16:00:00,10.549,10.678,10.588
us2z14-bi-bius2070-pod1.bicloud.z14.usdc2.oraclecloud.com,host,Total Disk Utilized (%) (across all local filesystems),16/08/2016 17:00:00,10.551,10.689,10.62
us2z14-bi-bius2070-pod1.bicloud.z14.usdc2.oraclecloud.com,host,Total Disk Utilized (%) (across all local filesystems),16/08/2016 18:00:00,10.552,10.567,10.559
us2z14-bi-bius2070-pod1.bicloud.z14.usdc2.oraclecloud.com,host,Total Disk Utilized (%) (across all local filesystems),16/08/2016 19:00:00,10.551,10.568,10.56
us2z14-bi-bius2070-pod1.bicloud.z14.usdc2.oraclecloud.com,host,Total Disk Utilized (%) (across all local filesystems),16/08/2016 20:00:00,10.554,10.568,10.561
us2z14-bi-bius2070-pod1.bicloud.z14.usdc2.oraclecloud.com,host,Total Disk Utilized (%) (across all local filesystems),16/08/2016 21:00:00,10.555,10.569,10.562
us2z14-bi-bius2070-pod1.bicloud.z14.usdc2.oraclecloud.com,host,Total Disk Utilized (%) (across all local filesystems),16/08/2016 22:00:00,10.556,10.572,10.564
us2z14-bi-bius2070-pod1.bicloud.z14.usdc2.oraclecloud.com,host,Total Disk Utilized (%) (across all local filesystems),16/08/2016 23:00:00,10.557,10.572,10.565
us2z14-bi-bius2070-pod1.bicloud.z14.usdc2.oraclecloud.com,host,Total Disk Utilized (%) (across all local filesystems),16/08/2016 23:00:00,10.557,10.572,10.565
