us2z14-bi-bius2041-pod1.bicloud.z14.usdc2.oraclecloud.com,host,Memory Utilization (%),16/08/2016 00:00:00,63.491,63.492,63.492
us2z14-bi-bius2041-pod1.bicloud.z14.usdc2.oraclecloud.com,host,Memory Utilization (%),16/08/2016 01:00:00,63.497,63.507,63.502
us2z14-bi-bius2041-pod1.bicloud.z14.usdc2.oraclecloud.com,host,Memory Utilization (%),16/08/2016 02:00:00,63.507,63.512,63.51
us2z14-bi-bius2041-pod1.bicloud.z14.usdc2.oraclecloud.com,host,Memory Utilization (%),16/08/2016 03:00:00,63.516,63.521,63.519
us2z14-bi-bius2041-pod1.bicloud.z14.usdc2.oraclecloud.com,host,Memory Utilization (%),16/08/2016 04:00:00,63.526,63.532,63.529
us2z14-bi-bius2041-pod1.bicloud.z14.usdc2.oraclecloud.com,host,Memory Utilization (%),16/08/2016 05:00:00,63.529,63.536,63.533
us2z14-bi-bius2041-pod1.bicloud.z14.usdc2.oraclecloud.com,host,Memory Utilization (%),16/08/2016 06:00:00,63.534,63.539,63.537
us2z14-bi-bius2041-pod1.bicloud.z14.usdc2.oraclecloud.com,host,Memory Utilization (%),16/08/2016 07:00:00,63.548,63.549,63.549
us2z14-bi-bius2041-pod1.bicloud.z14.usdc2.oraclecloud.com,host,Memory Utilization (%),16/08/2016 08:00:00,63.553,63.558,63.556
us2z14-bi-bius2041-pod1.bicloud.z14.usdc2.oraclecloud.com,host,Memory Utilization (%),16/08/2016 09:00:00,63.563,63.568,63.566
us2z14-bi-bius2041-pod1.bicloud.z14.usdc2.oraclecloud.com,host,Memory Utilization (%),16/08/2016 10:00:00,63.573,63.578,63.576
us2z14-bi-bius2041-pod1.bicloud.z14.usdc2.oraclecloud.com,host,Memory Utilization (%),16/08/2016 11:00:00,63.571,63.576,63.574
us2z14-bi-bius2041-pod1.bicloud.z14.usdc2.oraclecloud.com,host,Memory Utilization (%),16/08/2016 12:00:00,63.58,63.585,63.583
us2z14-bi-bius2041-pod1.bicloud.z14.usdc2.oraclecloud.com,host,Memory Utilization (%),16/08/2016 13:00:00,63.594,63.595,63.595
us2z14-bi-bius2041-pod1.bicloud.z14.usdc2.oraclecloud.com,host,Memory Utilization (%),16/08/2016 14:00:00,63.599,63.605,63.602
us2z14-bi-bius2041-pod1.bicloud.z14.usdc2.oraclecloud.com,host,Memory Utilization (%),16/08/2016 15:00:00,63.602,63.609,63.606
us2z14-bi-bius2041-pod1.bicloud.z14.usdc2.oraclecloud.com,host,Memory Utilization (%),16/08/2016 16:00:00,63.607,63.612,63.61
us2z14-bi-bius2041-pod1.bicloud.z14.usdc2.oraclecloud.com,host,Memory Utilization (%),16/08/2016 17:00:00,63.617,63.622,63.62
us2z14-bi-bius2041-pod1.bicloud.z14.usdc2.oraclecloud.com,host,Memory Utilization (%),16/08/2016 18:00:00,63.627,63.635,63.631
us2z14-bi-bius2041-pod1.bicloud.z14.usdc2.oraclecloud.com,host,Memory Utilization (%),16/08/2016 19:00:00,63.715,63.719,63.717
us2z14-bi-bius2041-pod1.bicloud.z14.usdc2.oraclecloud.com,host,Memory Utilization (%),16/08/2016 20:00:00,63.649,63.654,63.652
us2z14-bi-bius2041-pod1.bicloud.z14.usdc2.oraclecloud.com,host,Memory Utilization (%),16/08/2016 21:00:00,63.659,63.668,63.664
us2z14-bi-bius2041-pod1.bicloud.z14.usdc2.oraclecloud.com,host,Memory Utilization (%),16/08/2016 22:00:00,63.669,63.674,63.672
us2z14-bi-bius2041-pod1.bicloud.z14.usdc2.oraclecloud.com,host,Memory Utilization (%),16/08/2016 23:00:00,63.679,63.682,63.681
us2z14-bi-bius2041-pod1.bicloud.z14.usdc2.oraclecloud.com,host,CPU Utilization (%),16/08/2016 00:00:00,14.476,14.55,14.513
us2z14-bi-bius2041-pod1.bicloud.z14.usdc2.oraclecloud.com,host,CPU Utilization (%),16/08/2016 01:00:00,14.424,14.467,14.446
us2z14-bi-bius2041-pod1.bicloud.z14.usdc2.oraclecloud.com,host,CPU Utilization (%),16/08/2016 02:00:00,14.552,14.561,14.557
us2z14-bi-bius2041-pod1.bicloud.z14.usdc2.oraclecloud.com,host,CPU Utilization (%),16/08/2016 03:00:00,14.46,14.622,14.541
us2z14-bi-bius2041-pod1.bicloud.z14.usdc2.oraclecloud.com,host,CPU Utilization (%),16/08/2016 04:00:00,14.407,14.577,14.492
us2z14-bi-bius2041-pod1.bicloud.z14.usdc2.oraclecloud.com,host,CPU Utilization (%),16/08/2016 05:00:00,14.525,14.615,14.57
us2z14-bi-bius2041-pod1.bicloud.z14.usdc2.oraclecloud.com,host,CPU Utilization (%),16/08/2016 06:00:00,14.441,14.504,14.473
us2z14-bi-bius2041-pod1.bicloud.z14.usdc2.oraclecloud.com,host,CPU Utilization (%),16/08/2016 07:00:00,14.54,14.604,14.572
us2z14-bi-bius2041-pod1.bicloud.z14.usdc2.oraclecloud.com,host,CPU Utilization (%),16/08/2016 08:00:00,14.448,14.509,14.479
us2z14-bi-bius2041-pod1.bicloud.z14.usdc2.oraclecloud.com,host,CPU Utilization (%),16/08/2016 09:00:00,14.443,14.481,14.462
us2z14-bi-bius2041-pod1.bicloud.z14.usdc2.oraclecloud.com,host,CPU Utilization (%),16/08/2016 10:00:00,14.563,14.581,14.572
us2z14-bi-bius2041-pod1.bicloud.z14.usdc2.oraclecloud.com,host,CPU Utilization (%),16/08/2016 11:00:00,14.469,14.519,14.494
us2z14-bi-bius2041-pod1.bicloud.z14.usdc2.oraclecloud.com,host,CPU Utilization (%),16/08/2016 12:00:00,14.439,14.461,14.45
us2z14-bi-bius2041-pod1.bicloud.z14.usdc2.oraclecloud.com,host,CPU Utilization (%),16/08/2016 13:00:00,14.561,14.575,14.568
us2z14-bi-bius2041-pod1.bicloud.z14.usdc2.oraclecloud.com,host,CPU Utilization (%),16/08/2016 14:00:00,14.424,14.469,14.447
us2z14-bi-bius2041-pod1.bicloud.z14.usdc2.oraclecloud.com,host,CPU Utilization (%),16/08/2016 15:00:00,14.484,14.511,14.498
us2z14-bi-bius2041-pod1.bicloud.z14.usdc2.oraclecloud.com,host,CPU Utilization (%),16/08/2016 16:00:00,14.569,14.587,14.578
us2z14-bi-bius2041-pod1.bicloud.z14.usdc2.oraclecloud.com,host,CPU Utilization (%),16/08/2016 17:00:00,14.47,14.495,14.483
us2z14-bi-bius2041-pod1.bicloud.z14.usdc2.oraclecloud.com,host,CPU Utilization (%),16/08/2016 18:00:00,14.427,14.598,14.513
us2z14-bi-bius2041-pod1.bicloud.z14.usdc2.oraclecloud.com,host,CPU Utilization (%),16/08/2016 19:00:00,14.48,14.52,14.5
us2z14-bi-bius2041-pod1.bicloud.z14.usdc2.oraclecloud.com,host,CPU Utilization (%),16/08/2016 20:00:00,14.482,14.485,14.484
us2z14-bi-bius2041-pod1.bicloud.z14.usdc2.oraclecloud.com,host,CPU Utilization (%),16/08/2016 21:00:00,14.458,14.634,14.546
us2z14-bi-bius2041-pod1.bicloud.z14.usdc2.oraclecloud.com,host,CPU Utilization (%),16/08/2016 22:00:00,14.468,14.583,14.526
us2z14-bi-bius2041-pod1.bicloud.z14.usdc2.oraclecloud.com,host,CPU Utilization (%),16/08/2016 23:00:00,14.413,14.566,14.49
us2z14-bi-bius2041-pod1.bicloud.z14.usdc2.oraclecloud.com,host,All Network Interfaces Combined Utilization (%),16/08/2016 01:00:00,0,0,0
us2z14-bi-bius2041-pod1.bicloud.z14.usdc2.oraclecloud.com,host,All Network Interfaces Combined Utilization (%),16/08/2016 07:00:00,0,0,0
us2z14-bi-bius2041-pod1.bicloud.z14.usdc2.oraclecloud.com,host,All Network Interfaces Combined Utilization (%),16/08/2016 13:00:00,0,0,0
us2z14-bi-bius2041-pod1.bicloud.z14.usdc2.oraclecloud.com,host,All Network Interfaces Combined Utilization (%),16/08/2016 19:00:00,0,0,0
us2z14-bi-bius2041-pod1.bicloud.z14.usdc2.oraclecloud.com,host,All Network Interfaces Total I/O Rate (MB/sec),16/08/2016 01:00:00,0.01,0.01,0.01
us2z14-bi-bius2041-pod1.bicloud.z14.usdc2.oraclecloud.com,host,All Network Interfaces Total I/O Rate (MB/sec),16/08/2016 07:00:00,0.011,0.011,0.011
us2z14-bi-bius2041-pod1.bicloud.z14.usdc2.oraclecloud.com,host,All Network Interfaces Total I/O Rate (MB/sec),16/08/2016 13:00:00,0.01,0.01,0.01
us2z14-bi-bius2041-pod1.bicloud.z14.usdc2.oraclecloud.com,host,All Network Interfaces Total I/O Rate (MB/sec),16/08/2016 19:00:00,0.02,0.02,0.02
us2z14-bi-bius2041-pod1.bicloud.z14.usdc2.oraclecloud.com,host,Total Disk Utilized (%) (across all local filesystems),16/08/2016 00:00:00,11.094,11.095,11.095
us2z14-bi-bius2041-pod1.bicloud.z14.usdc2.oraclecloud.com,host,Total Disk Utilized (%) (across all local filesystems),16/08/2016 01:00:00,11.096,11.098,11.097
us2z14-bi-bius2041-pod1.bicloud.z14.usdc2.oraclecloud.com,host,Total Disk Utilized (%) (across all local filesystems),16/08/2016 02:00:00,11.098,11.099,11.098
us2z14-bi-bius2041-pod1.bicloud.z14.usdc2.oraclecloud.com,host,Total Disk Utilized (%) (across all local filesystems),16/08/2016 03:00:00,11.1,11.102,11.101
us2z14-bi-bius2041-pod1.bicloud.z14.usdc2.oraclecloud.com,host,Total Disk Utilized (%) (across all local filesystems),16/08/2016 04:00:00,11.102,11.104,11.103
us2z14-bi-bius2041-pod1.bicloud.z14.usdc2.oraclecloud.com,host,Total Disk Utilized (%) (across all local filesystems),16/08/2016 05:00:00,11.094,11.104,11.099
us2z14-bi-bius2041-pod1.bicloud.z14.usdc2.oraclecloud.com,host,Total Disk Utilized (%) (across all local filesystems),16/08/2016 06:00:00,11.095,11.097,11.096
us2z14-bi-bius2041-pod1.bicloud.z14.usdc2.oraclecloud.com,host,Total Disk Utilized (%) (across all local filesystems),16/08/2016 07:00:00,11.098,11.1,11.099
us2z14-bi-bius2041-pod1.bicloud.z14.usdc2.oraclecloud.com,host,Total Disk Utilized (%) (across all local filesystems),16/08/2016 08:00:00,11.099,11.1,11.1
us2z14-bi-bius2041-pod1.bicloud.z14.usdc2.oraclecloud.com,host,Total Disk Utilized (%) (across all local filesystems),16/08/2016 09:00:00,11.101,11.103,11.102
us2z14-bi-bius2041-pod1.bicloud.z14.usdc2.oraclecloud.com,host,Total Disk Utilized (%) (across all local filesystems),16/08/2016 10:00:00,11.104,11.105,11.105
us2z14-bi-bius2041-pod1.bicloud.z14.usdc2.oraclecloud.com,host,Total Disk Utilized (%) (across all local filesystems),16/08/2016 11:00:00,11.104,11.106,11.105
us2z14-bi-bius2041-pod1.bicloud.z14.usdc2.oraclecloud.com,host,Total Disk Utilized (%) (across all local filesystems),16/08/2016 12:00:00,11.107,11.109,11.108
us2z14-bi-bius2041-pod1.bicloud.z14.usdc2.oraclecloud.com,host,Total Disk Utilized (%) (across all local filesystems),16/08/2016 13:00:00,11.109,11.11,11.11
us2z14-bi-bius2041-pod1.bicloud.z14.usdc2.oraclecloud.com,host,Total Disk Utilized (%) (across all local filesystems),16/08/2016 14:00:00,11.11,11.112,11.111
us2z14-bi-bius2041-pod1.bicloud.z14.usdc2.oraclecloud.com,host,Total Disk Utilized (%) (across all local filesystems),16/08/2016 15:00:00,11.104,11.113,11.109
us2z14-bi-bius2041-pod1.bicloud.z14.usdc2.oraclecloud.com,host,Total Disk Utilized (%) (across all local filesystems),16/08/2016 16:00:00,11.105,11.106,11.106
us2z14-bi-bius2041-pod1.bicloud.z14.usdc2.oraclecloud.com,host,Total Disk Utilized (%) (across all local filesystems),16/08/2016 17:00:00,11.106,11.108,11.107
us2z14-bi-bius2041-pod1.bicloud.z14.usdc2.oraclecloud.com,host,Total Disk Utilized (%) (across all local filesystems),16/08/2016 18:00:00,11.108,11.11,11.109
us2z14-bi-bius2041-pod1.bicloud.z14.usdc2.oraclecloud.com,host,Total Disk Utilized (%) (across all local filesystems),16/08/2016 19:00:00,11.17,11.172,11.171
us2z14-bi-bius2041-pod1.bicloud.z14.usdc2.oraclecloud.com,host,Total Disk Utilized (%) (across all local filesystems),16/08/2016 20:00:00,11.111,11.113,11.112
us2z14-bi-bius2041-pod1.bicloud.z14.usdc2.oraclecloud.com,host,Total Disk Utilized (%) (across all local filesystems),16/08/2016 21:00:00,11.114,11.116,11.115
us2z14-bi-bius2041-pod1.bicloud.z14.usdc2.oraclecloud.com,host,Total Disk Utilized (%) (across all local filesystems),16/08/2016 22:00:00,11.115,11.117,11.116
us2z14-bi-bius2041-pod1.bicloud.z14.usdc2.oraclecloud.com,host,Total Disk Utilized (%) (across all local filesystems),16/08/2016 23:00:00,11.117,11.119,11.118
us2z14-bi-bius2041-pod1.bicloud.z14.usdc2.oraclecloud.com,host,Total Disk Utilized (%) (across all local filesystems),16/08/2016 23:00:00,11.117,11.119,11.118
